model,seed,transform,n_train,n_test,val_loss,best_epoch,epochs_run,rmse,mae,rmse_naive,theil_u,mase,fold,cfg_window,cfg_horizon,cfg_n_splits,cfg_n_hidden,cfg_lr,cfg_max_epochs,cfg_patience,cfg_batch_size,cfg_val_frac,cfg_weight_decay,cfg_transform,dataset
elman,42,logdiff,1864,313,0.8852028846740723,4,20,52.71104373289548,31.473447994783168,52.86884604897577,0.9970152116440351,0.9890196097826592,0,20,1,5,4,0.0048090964295575,200,15,128,0.2,0.001,logdiff,sp500
elman,43,logdiff,1864,313,0.8862196207046509,13,29,52.537140662284784,31.31474512389662,52.86884604897577,0.9937258818476252,0.9840325409536699,0,20,1,5,4,0.0048090964295575,200,15,128,0.2,0.001,logdiff,sp500
elman,44,logdiff,1864,313,0.8839132785797119,8,24,52.2650750257122,31.333611314554943,52.86884604897577,0.9885798335241844,0.9846253909180611,0,20,1,5,4,0.0048090964295575,200,15,128,0.2,0.001,logdiff,sp500
elman,45,logdiff,1864,313,0.883675754070282,3,19,52.65671038400248,31.631488719053564,52.86884604897577,0.9959875109667274,0.9939858713588801,0,20,1,5,4,0.0048090964295575,200,15,128,0.2,0.001,logdiff,sp500
elman,46,logdiff,1864,313,0.8833474516868591,11,27,52.4716152768283,31.407379073723742,52.86884604897577,0.9924864868096518,0.9869434642476741,0,20,1,5,4,0.0048090964295575,200,15,128,0.2,0.001,logdiff,sp500
elman,42,logdiff,2114,313,2.088852643966675,41,57,34.67315392991618,26.21269261558534,34.93933106284048,0.9923817335699541,0.9881396573155935,1,20,1,5,4,0.0048090964295575,200,15,128,0.2,0.001,logdiff,sp500
elman,43,logdiff,2114,313,2.097238540649414,62,78,34.55702790501765,26.158697239918293,34.93933106284048,0.9890580859394463,0.986104194084451,1,20,1,5,4,0.0048090964295575,200,15,128,0.2,0.001,logdiff,sp500
elman,44,logdiff,2114,313,2.0669970512390137,0,16,34.702380112680366,26.334340477456838,34.93933106284048,0.9932182173226516,0.9927254157611568,1,20,1,5,4,0.0048090964295575,200,15,128,0.2,0.001,logdiff,sp500
elman,45,logdiff,2114,313,2.106656312942505,26,42,34.74677608594393,26.28428228325893,34.93933106284048,0.9944888762595302,0.9908383724273808,1,20,1,5,4,0.0048090964295575,200,15,128,0.2,0.001,logdiff,sp500
elman,46,logdiff,2114,313,2.06577730178833,57,73,34.63772465946786,26.24543080590194,34.93933106284048,0.9913677109950912,0.989373788605919,1,20,1,5,4,0.0048090964295575,200,15,128,0.2,0.001,logdiff,sp500
elman,42,logdiff,2364,313,1.969038486480713,42,58,59.10296424038681,46.93893774886816,58.94384401672356,1.002699522338891,1.0052978924042895,2,20,1,5,4,0.0048090964295575,200,15,128,0.2,0.001,logdiff,sp500
elman,43,logdiff,2364,313,1.9655213356018066,42,58,59.29136638295488,47.291149711681285,58.94384401672356,1.0058958212181193,1.0128412660057542,2,20,1,5,4,0.0048090964295575,200,15,128,0.2,0.001,logdiff,sp500
elman,44,logdiff,2364,313,1.9353505373001099,0,16,59.784332472626325,48.00971898623062,58.94384401672356,1.0142591388451745,1.0282309661543978,2,20,1,5,4,0.0048090964295575,200,15,128,0.2,0.001,logdiff,sp500
elman,45,logdiff,2364,313,1.9755975008010864,50,66,59.136875098542646,47.063369364867015,58.94384401672356,1.0032748302225474,1.007962861986289,2,20,1,5,4,0.0048090964295575,200,15,128,0.2,0.001,logdiff,sp500
elman,46,logdiff,2364,313,1.9340345859527588,76,92,59.386379213600264,47.296358598158285,58.94384401672356,1.0075077423988694,1.0129528254667952,2,20,1,5,4,0.0048090964295575,200,15,128,0.2,0.001,logdiff,sp500
elman,42,logdiff,2615,313,1.1277962923049927,1,17,34.43506667646022,27.172937959483697,34.40563297103669,1.000855490885702,1.0082059425492718,3,20,1,5,4,0.0048090964295575,200,15,128,0.2,0.001,logdiff,sp500
elman,43,logdiff,2615,313,1.1291038990020752,5,21,34.57741087076788,27.218777049139174,34.40563297103669,1.0049927260421512,1.00990672450596,3,20,1,5,4,0.0048090964295575,200,15,128,0.2,0.001,logdiff,sp500
elman,44,logdiff,2615,313,1.1288052797317505,12,28,34.47183517581591,27.108013188802055,34.40563297103669,1.0019241676162434,1.0057970186516247,3,20,1,5,4,0.0048090964295575,200,15,128,0.2,0.001,logdiff,sp500
elman,45,logdiff,2615,313,1.1250853538513184,3,19,34.49545666504935,27.080165244665046,34.40563297103669,1.0026107263914685,1.0047637677455734,3,20,1,5,4,0.0048090964295575,200,15,128,0.2,0.001,logdiff,sp500
elman,46,logdiff,2615,313,1.1278176307678223,8,24,34.461959851041755,27.063578032388406,34.40563297103669,1.0016371412219762,1.0041483272653218,3,20,1,5,4,0.0048090964295575,200,15,128,0.2,0.001,logdiff,sp500
elman,42,logdiff,2865,316,1.0170966386795044,1,17,62.97541840539119,41.614825727232756,63.08726037579926,0.998227186126932,1.0033006717661526,4,20,1,5,4,0.0048090964295575,200,15,128,0.2,0.001,logdiff,sp500
elman,43,logdiff,2865,316,1.0249775648117065,13,29,62.74654874544792,41.14424273884366,63.08726037579926,0.9945993592316137,0.9919552865549505,4,20,1,5,4,0.0048090964295575,200,15,128,0.2,0.001,logdiff,sp500
elman,44,logdiff,2865,316,1.0221883058547974,6,22,62.702291252051765,41.29702097460881,63.08726037579926,0.9938978310128811,0.9956386494886109,4,20,1,5,4,0.0048090964295575,200,15,128,0.2,0.001,logdiff,sp500
elman,45,logdiff,2865,316,1.0132015943527222,2,18,62.900444179065616,41.2382227613556,63.08726037579926,0.9970387651069199,0.9942210708775104,4,20,1,5,4,0.0048090964295575,200,15,128,0.2,0.001,logdiff,sp500
elman,46,logdiff,2865,316,1.0207233428955078,14,30,62.7416492412052,41.11383252591337,63.08726037579926,0.9945216968919666,0.9912221202727822,4,20,1,5,4,0.0048090964295575,200,15,128,0.2,0.001,logdiff,sp500
jordan,42,logdiff,1883,314,0.8970261812210083,63,79,53.12511851757078,31.787389247714323,52.898388088302966,1.0042861500597964,0.9953916528499135,0,5,1,5,16,0.0010707379860823,200,15,128,0.2,0.0001,logdiff,sp500
jordan,43,logdiff,1883,314,0.8953705430030823,4,20,53.19737660122001,31.864993383144974,52.898388088302966,1.005652128991491,0.9978217520327163,0,5,1,5,16,0.0010707379860823,200,15,128,0.2,0.0001,logdiff,sp500
jordan,44,logdiff,1883,314,0.8935129642486572,25,41,52.468625412817566,31.464730803126937,52.898388088302966,0.9918756943072065,0.9852879126540459,0,5,1,5,16,0.0010707379860823,200,15,128,0.2,0.0001,logdiff,sp500
jordan,45,logdiff,1883,314,0.8949907422065735,4,20,52.921610920416605,31.703006186516564,52.898388088302966,1.000439008312973,0.9927492780986051,0,5,1,5,16,0.0010707379860823,200,15,128,0.2,0.0001,logdiff,sp500
jordan,46,logdiff,1883,314,0.8965128660202026,44,60,52.45748396560432,31.50984112862329,52.898388088302966,0.9916650745205573,0.9867004992967078,0,5,1,5,16,0.0010707379860823,200,15,128,0.2,0.0001,logdiff,sp500
jordan,42,logdiff,2134,314,2.0816359519958496,196,200,34.21580381655308,26.00825193847288,34.43396064895001,0.993664486214031,0.9902379325744648,1,5,1,5,16,0.0010707379860823,200,15,128,0.2,0.0001,logdiff,sp500
jordan,43,logdiff,2134,314,2.046283006668091,199,200,34.17039417119402,25.990937048482937,34.43396064895001,0.9923457402869504,0.9895786856205766,1,5,1,5,16,0.0010707379860823,200,15,128,0.2,0.0001,logdiff,sp500
jordan,44,logdiff,2134,314,2.0935823917388916,0,16,34.08677298859624,25.869696376437,34.43396064895001,0.9899172893907469,0.9849625694465743,1,5,1,5,16,0.0010707379860823,200,15,128,0.2,0.0001,logdiff,sp500
jordan,45,logdiff,2134,314,2.097653865814209,109,125,34.20888579050196,25.99960531667644,34.43396064895001,0.9934635791466842,0.9899087211798768,1,5,1,5,16,0.0010707379860823,200,15,128,0.2,0.0001,logdiff,sp500
jordan,46,logdiff,2134,314,2.1002659797668457,0,16,34.66958069055342,26.415316967096985,34.43396064895001,1.0068426645428774,1.0057365225343622,1,5,1,5,16,0.0010707379860823,200,15,128,0.2,0.0001,logdiff,sp500
jordan,42,logdiff,2385,314,1.9302923679351807,195,200,59.41299123817826,47.20713283131146,59.1044475418365,1.005220312669759,1.0098063395667431,2,5,1,5,16,0.0010707379860823,200,15,128,0.2,0.0001,logdiff,sp500
jordan,43,logdiff,2385,314,1.901982069015503,176,192,59.48648798139765,47.375775570026065,59.1044475418365,1.006463818806372,1.0134137712505193,2,5,1,5,16,0.0010707379860823,200,15,128,0.2,0.0001,logdiff,sp500
jordan,44,logdiff,2385,314,1.9608618021011353,0,16,59.90727838785289,47.91861817645379,59.1044475418365,1.0135832560730411,1.0250257008992962,2,5,1,5,16,0.0010707379860823,200,15,128,0.2,0.0001,logdiff,sp500
jordan,45,logdiff,2385,314,1.9555355310440063,199,200,59.390656651057824,47.153613533934795,59.1044475418365,1.0048424293115799,1.0086615099077754,2,5,1,5,16,0.0010707379860823,200,15,128,0.2,0.0001,logdiff,sp500
jordan,46,logdiff,2385,314,1.9280120134353638,195,200,59.36977716931581,47.11040260405534,59.1044475418365,1.004489165173086,1.0077371862237514,2,5,1,5,16,0.0010707379860823,200,15,128,0.2,0.0001,logdiff,sp500
jordan,42,logdiff,2636,314,1.1080976724624634,2,18,34.21617797823186,26.78105210018714,34.32735819336579,0.9967611776441505,0.9968758165308687,3,5,1,5,16,0.0010707379860823,200,15,128,0.2,0.0001,logdiff,sp500
jordan,43,logdiff,2636,314,1.110314965248108,3,19,34.2259288909615,26.810102908798985,34.32735819336579,0.9970452342463134,0.9979571798935728,3,5,1,5,16,0.0010707379860823,200,15,128,0.2,0.0001,logdiff,sp500
jordan,44,logdiff,2636,314,1.1171201467514038,20,36,34.287269140915676,26.887675475464114,34.32735819336579,0.9988321544517265,1.0008446771974653,3,5,1,5,16,0.0010707379860823,200,15,128,0.2,0.0001,logdiff,sp500
jordan,45,logdiff,2636,314,1.1100817918777466,2,18,34.19450484302137,26.769393667508627,34.32735819336579,0.9961298114001067,0.9964418526390698,3,5,1,5,16,0.0010707379860823,200,15,128,0.2,0.0001,logdiff,sp500
jordan,46,logdiff,2636,314,1.1106383800506592,2,18,34.47851053687738,27.106499381433046,34.32735819336579,1.0044032617558318,1.0089899979684043,3,5,1,5,16,0.0010707379860823,200,15,128,0.2,0.0001,logdiff,sp500
jordan,42,logdiff,2888,318,1.0159310102462769,2,18,62.74425157352107,40.99390352975166,62.9608845779997,0.9965592445860533,0.9888484333640797,4,5,1,5,16,0.0010707379860823,200,15,128,0.2,0.0001,logdiff,sp500
jordan,43,logdiff,2888,318,1.0161925554275513,2,18,62.88420530192865,41.13904694674585,62.9608845779997,0.9987821124721326,0.9923495598280098,4,5,1,5,16,0.0010707379860823,200,15,128,0.2,0.0001,logdiff,sp500
jordan,44,logdiff,2888,318,1.0270096063613892,23,39,62.97975252016731,41.33188475500671,62.9608845779997,1.0002996772090176,0.9970011628268246,4,5,1,5,16,0.0010707379860823,200,15,128,0.2,0.0001,logdiff,sp500
jordan,45,logdiff,2888,318,1.0147982835769653,1,17,63.038449682915655,41.26276884525409,62.9608845779997,1.0012319570386572,0.9953339598235825,4,5,1,5,16,0.0010707379860823,200,15,128,0.2,0.0001,logdiff,sp500
jordan,46,logdiff,2888,318,1.018467664718628,4,20,62.82599141353462,41.36802848245344,62.9608845779997,0.9978575084297304,0.9978730160826556,4,5,1,5,16,0.0010707379860823,200,15,128,0.2,0.0001,logdiff,sp500
mrnn,42,logdiff,1883,314,0.8963143825531006,0,16,52.784212508950546,31.706033729443515,52.898388088302966,0.9978416056995569,0.9928440827060124,0,5,1,5,24,0.0010815205746727,200,15,128,0.2,0.001,logdiff,sp500
mrnn,43,logdiff,1883,314,0.8968495726585388,0,16,52.676685402035865,31.558572928268866,52.898388088302966,0.9958088952370909,0.9882264889342194,0,5,1,5,24,0.0010815205746727,200,15,128,0.2,0.001,logdiff,sp500
mrnn,44,logdiff,1883,314,0.8989234566688538,1,17,53.05182384051692,31.760331955389677,52.898388088302966,1.0029005751925337,0.9945443796523952,0,5,1,5,24,0.0010815205746727,200,15,128,0.2,0.001,logdiff,sp500
mrnn,45,logdiff,1883,314,0.8959783315658569,0,16,52.582228215013515,31.549215030187504,52.898388088302966,0.9940232607322234,0.9879334553174659,0,5,1,5,24,0.0010815205746727,200,15,128,0.2,0.001,logdiff,sp500
mrnn,46,logdiff,1883,314,0.8957147002220154,0,16,52.15999093417995,31.391326895867888,52.898388088302966,0.9860412163620107,0.9829893395940554,0,5,1,5,24,0.0010815205746727,200,15,128,0.2,0.001,logdiff,sp500
mrnn,42,logdiff,2134,314,2.0863661766052246,4,20,34.10959188308746,25.995732052691036,34.43396064895001,0.9905799751248643,0.9897612505643855,1,5,1,5,24,0.0010815205746727,200,15,128,0.2,0.001,logdiff,sp500
mrnn,43,logdiff,2134,314,2.087313175201416,11,27,34.00897563433092,25.84955506368358,34.43396064895001,0.9876579688595292,0.9841957092997463,1,5,1,5,24,0.0010815205746727,200,15,128,0.2,0.001,logdiff,sp500
mrnn,44,logdiff,2134,314,2.092625141143799,5,21,34.04065536702653,25.918625187344002,34.43396064895001,0.9885779830576802,0.9868254845194712,1,5,1,5,24,0.0010815205746727,200,15,128,0.2,0.001,logdiff,sp500
mrnn,45,logdiff,2134,314,2.0909759998321533,11,27,34.02225089683622,25.889452145030567,34.43396064895001,0.9880434970489999,0.9857147503887921,1,5,1,5,24,0.0010815205746727,200,15,128,0.2,0.001,logdiff,sp500
mrnn,46,logdiff,2134,314,2.079106330871582,1,17,34.17137817560614,25.97678089012227,34.43396064895001,0.9923743168547797,0.9890397041841684,1,5,1,5,24,0.0010815205746727,200,15,128,0.2,0.001,logdiff,sp500
mrnn,42,logdiff,2385,314,1.962920069694519,15,31,59.327547913896716,47.022823317015494,59.1044475418365,1.003774679932543,1.0058637803640142,2,5,1,5,24,0.0010815205746727,200,15,128,0.2,0.001,logdiff,sp500
mrnn,43,logdiff,2385,314,1.96485435962677,13,29,59.393512956260594,47.13338032551823,59.1044475418365,1.0048907557120719,1.0082287019632252,2,5,1,5,24,0.0010815205746727,200,15,128,0.2,0.001,logdiff,sp500
mrnn,44,logdiff,2385,314,1.9600163698196411,4,20,59.34606116418796,47.151581083111985,59.1044475418365,1.0040879093266277,1.0086180338141717,2,5,1,5,24,0.0010815205746727,200,15,128,0.2,0.001,logdiff,sp500
mrnn,45,logdiff,2385,314,1.9524561166763306,9,25,59.37406819040026,47.10282627915853,59.1044475418365,1.0045617658192796,1.0075751212888027,2,5,1,5,24,0.0010815205746727,200,15,128,0.2,0.001,logdiff,sp500
mrnn,46,logdiff,2385,314,1.9549858570098877,1,17,59.31479185093673,47.02984293426506,59.1044475418365,1.0035588575453875,1.0060139367826486,2,5,1,5,24,0.0010815205746727,200,15,128,0.2,0.001,logdiff,sp500
mrnn,42,logdiff,2636,314,1.110931158065796,0,16,34.15109980711091,26.733501356389173,34.32735819336579,0.9948653669978909,0.9951058268242313,3,5,1,5,24,0.0010815205746727,200,15,128,0.2,0.001,logdiff,sp500
mrnn,43,logdiff,2636,314,1.1115587949752808,0,16,34.33065962611185,26.86621104997472,34.32735819336579,1.0000961749729609,1.0000457031091412,3,5,1,5,24,0.0010815205746727,200,15,128,0.2,0.001,logdiff,sp500
mrnn,44,logdiff,2636,314,1.1125257015228271,1,17,34.3243598178129,26.87455372557827,34.32735819336579,0.9999126534720207,1.0003562439916738,3,5,1,5,24,0.0010815205746727,200,15,128,0.2,0.001,logdiff,sp500
mrnn,45,logdiff,2636,314,1.110284447669983,0,16,34.330392346510536,26.90121935023068,34.32735819336579,1.000088388775147,1.0013488232319976,3,5,1,5,24,0.0010815205746727,200,15,128,0.2,0.001,logdiff,sp500
mrnn,46,logdiff,2636,314,1.1154663562774658,0,16,34.55900188880208,27.12153755031743,34.32735819336579,1.006748078140224,1.0095497663759212,3,5,1,5,24,0.0010815205746727,200,15,128,0.2,0.001,logdiff,sp500
mrnn,42,logdiff,2888,318,1.0174375772476196,0,16,62.53587823078785,40.99125388521859,62.9608845779997,0.9932496763655643,0.988784519059271,4,5,1,5,24,0.0010815205746727,200,15,128,0.2,0.001,logdiff,sp500
mrnn,43,logdiff,2888,318,1.020925760269165,0,16,62.51383977842328,40.94228208580821,62.9608845779997,0.9928996423323343,0.9876032290879261,4,5,1,5,24,0.0010815205746727,200,15,128,0.2,0.001,logdiff,sp500
mrnn,44,logdiff,2888,318,1.018193244934082,0,16,62.868954259346374,41.051030398121156,62.9608845779997,0.9985398820351795,0.9902264386142792,4,5,1,5,24,0.0010815205746727,200,15,128,0.2,0.001,logdiff,sp500
mrnn,45,logdiff,2888,318,1.0236183404922485,0,16,62.530232280805315,40.88419502585881,62.9608845779997,0.993160002435149,0.9862020622488618,4,5,1,5,24,0.0010815205746727,200,15,128,0.2,0.001,logdiff,sp500
mrnn,46,logdiff,2888,318,1.025807499885559,0,16,62.6742376806337,41.1128336999561,62.9608845779997,0.9954472225209784,0.9917172480501715,4,5,1,5,24,0.0010815205746727,200,15,128,0.2,0.001,logdiff,sp500
