dataset,model,step,actual,predicted,naive
temperature,elman,0,11.0,11.684073,9.2
temperature,elman,1,15.0,12.862204,11.0
temperature,elman,2,11.6,14.864069,15.0
temperature,elman,3,11.6,12.266957,11.6
temperature,elman,4,15.1,12.672332,11.6
temperature,elman,5,15.0,14.827951,15.1
temperature,elman,6,13.6,14.29939,15.0
temperature,elman,7,12.5,13.55909,13.6
temperature,elman,8,14.3,13.203503,12.5
temperature,elman,9,16.0,14.371775,14.3
temperature,elman,10,17.4,15.161478,16.0
temperature,elman,11,16.9,15.850822,17.4
temperature,elman,12,18.0,15.571869,16.9
temperature,elman,13,20.6,16.398203,18.0
temperature,elman,14,14.2,17.78862,20.6
temperature,elman,15,10.9,14.020451,14.2
temperature,elman,16,11.9,12.820374,10.9
temperature,elman,17,13.3,13.675454,11.9
temperature,elman,18,15.3,14.1161,13.3
temperature,elman,19,14.7,15.006201,15.3
temperature,elman,20,11.0,14.4907875,14.7
temperature,elman,21,12.2,12.35515,11.0
temperature,elman,22,14.2,13.441084,12.2
temperature,elman,23,17.0,14.420132,14.2
temperature,elman,24,15.8,15.729219,17.0
temperature,elman,25,15.2,14.855063,15.8
temperature,elman,26,15.1,14.789145,15.2
temperature,elman,27,14.7,14.894861,15.1
temperature,elman,28,18.5,14.677419,14.7
temperature,elman,29,16.4,16.881443,18.5
temperature,elman,30,18.4,15.3643055,16.4
temperature,elman,31,15.1,16.795328,18.4
temperature,elman,32,9.9,14.835134,15.1
temperature,elman,33,10.2,12.088242,9.9
temperature,elman,34,12.6,12.668044,10.2
temperature,elman,35,13.2,13.83104,12.6
temperature,elman,36,11.5,13.670534,13.2
temperature,elman,37,13.8,12.555983,11.5
temperature,elman,38,14.5,14.133441,13.8
temperature,elman,39,14.7,14.278025,14.5
temperature,elman,40,11.2,14.31526,14.7
temperature,elman,41,12.7,12.280093,11.2
temperature,elman,42,13.7,13.549068,12.7
temperature,elman,43,11.5,13.938698,13.7
temperature,elman,44,10.4,12.384045,11.5
temperature,elman,45,8.9,11.944749,10.4
temperature,elman,46,11.1,11.065866,8.9
temperature,elman,47,9.5,12.332585,11.1
temperature,elman,48,13.0,10.955155,9.5
temperature,elman,49,13.9,13.137594,13.0
temperature,elman,50,12.6,13.339008,13.9
temperature,elman,51,14.3,12.456381,12.6
temperature,elman,52,16.0,13.787045,14.3
temperature,elman,53,13.3,14.742341,16.0
temperature,elman,54,7.0,12.986078,13.3
temperature,elman,55,4.9,9.563868,7.0
temperature,elman,56,6.9,8.823301,4.9
temperature,elman,57,13.7,9.834311,6.9
temperature,elman,58,10.6,13.326137,13.7
temperature,elman,59,12.3,10.559242,10.6
temperature,elman,60,11.1,12.009771,12.3
temperature,elman,61,10.2,11.242925,11.1
temperature,elman,62,9.5,10.703231,10.2
temperature,elman,63,8.9,10.374244,9.5
temperature,elman,64,13.4,10.0170145,8.9
temperature,elman,65,9.1,12.699737,13.4
temperature,elman,66,9.4,9.552459,9.1
temperature,elman,67,8.7,10.165314,9.4
temperature,elman,68,5.8,9.728377,8.7
temperature,elman,69,4.5,7.7838135,5.8
temperature,elman,70,7.2,7.126241,4.5
temperature,elman,71,10.0,8.664831,7.2
temperature,elman,72,10.5,9.743781,10.0
temperature,elman,73,10.7,9.648182,10.5
temperature,elman,74,8.2,9.813293,10.7
temperature,elman,75,6.1,8.356831,8.2
temperature,elman,76,4.5,7.3600016,6.1
temperature,elman,77,6.1,6.553653,4.5
temperature,elman,78,9.8,7.452033,6.1
temperature,elman,79,9.7,9.26586,9.8
temperature,elman,80,8.2,8.739201,9.7
temperature,elman,81,8.4,7.920094,8.2
temperature,elman,82,8.5,8.293464,8.4
temperature,elman,83,10.4,8.279626,8.5
temperature,elman,84,6.8,9.373361,10.4
temperature,elman,85,6.0,7.0740952,6.8
temperature,elman,86,6.6,7.0153193,6.0
temperature,elman,87,7.8,7.4050856,6.6
temperature,elman,88,10.3,7.8725796,7.8
temperature,elman,89,7.2,9.183117,10.3
temperature,elman,90,7.4,7.134495,7.2
temperature,elman,91,11.4,7.634536,7.4
temperature,elman,92,5.4,10.027746,11.4
temperature,elman,93,4.4,6.0573354,5.4
temperature,elman,94,6.4,6.157037,4.4
temperature,elman,95,9.3,7.3795614,6.4
temperature,elman,96,7.7,8.622461,9.3
temperature,elman,97,8.1,7.3513813,7.7
temperature,elman,98,8.3,7.872781,8.1
temperature,elman,99,9.1,7.9784245,8.3
temperature,elman,100,7.7,8.417987,9.1
temperature,elman,101,10.6,7.5398397,7.7
temperature,elman,102,8.2,9.474421,10.6
temperature,elman,103,7.9,7.768508,8.2
temperature,elman,104,5.2,7.873744,7.9
temperature,elman,105,5.9,6.3644733,5.2
temperature,elman,106,3.7,6.9670763,5.9
temperature,elman,107,5.6,5.5121403,3.7
temperature,elman,108,9.4,6.7300887,5.6
temperature,elman,109,7.4,8.632511,9.4
temperature,elman,110,7.3,7.037838,7.4
temperature,elman,111,7.7,7.2860374,7.3
temperature,elman,112,7.7,7.6088943,7.7
temperature,elman,113,9.3,7.5062943,7.7
temperature,elman,114,4.4,8.476661,9.3
temperature,elman,115,5.7,5.5261703,4.4
temperature,elman,116,10.2,6.800534,5.7
temperature,elman,117,10.2,9.224051,10.2
temperature,elman,118,9.3,8.696648,10.2
temperature,elman,119,5.4,8.303172,9.3
temperature,elman,120,5.0,6.289995,5.4
temperature,elman,121,7.6,6.4444065,5.0
temperature,elman,122,9.6,7.872454,7.6
temperature,elman,123,10.4,8.651641,9.6
temperature,elman,124,11.2,8.9638405,10.4
temperature,elman,125,9.1,9.536334,11.2
temperature,elman,126,11.2,8.332718,9.1
temperature,elman,127,6.8,9.934753,11.2
temperature,elman,128,8.3,7.147298,6.8
temperature,elman,129,9.7,8.49507,8.3
temperature,elman,130,9.6,9.156585,9.7
temperature,elman,131,9.8,8.857735,9.6
temperature,elman,132,10.8,9.049016,9.8
temperature,elman,133,9.2,9.738393,10.8
temperature,elman,134,6.5,8.678071,9.2
temperature,elman,135,8.1,7.2805777,6.5
temperature,elman,136,7.3,8.523537,8.1
temperature,elman,137,7.9,7.7293053,7.3
temperature,elman,138,6.0,8.068869,7.9
temperature,elman,139,5.0,6.864185,6.0
temperature,elman,140,6.8,6.414768,5.0
temperature,elman,141,9.8,7.4714565,6.8
temperature,elman,142,5.7,8.938371,9.8
temperature,elman,143,8.6,6.202612,5.7
temperature,elman,144,10.6,8.428132,8.6
temperature,elman,145,7.8,9.322662,10.6
temperature,elman,146,7.7,7.425188,7.8
temperature,elman,147,8.6,7.7925563,7.7
temperature,elman,148,6.5,8.369366,8.6
temperature,elman,149,6.9,6.919174,6.5
temperature,elman,150,6.4,7.3963494,6.9
temperature,elman,151,8.5,7.0235825,6.4
temperature,elman,152,7.8,8.217623,8.5
temperature,elman,153,9.3,7.564555,7.8
temperature,elman,154,8.4,8.5560665,9.3
temperature,elman,155,7.8,7.911602,8.4
temperature,elman,156,7.4,7.6823483,7.8
temperature,elman,157,7.7,7.5344763,7.4
temperature,elman,158,8.9,7.7284927,7.7
temperature,elman,159,9.7,8.371469,8.9
temperature,elman,160,9.9,8.739025,9.7
temperature,elman,161,6.1,8.835688,9.9
temperature,elman,162,6.6,6.64597,6.1
temperature,elman,163,7.6,7.3739653,6.6
temperature,elman,164,7.4,7.81331,7.6
temperature,elman,165,8.0,7.4628487,7.4
temperature,elman,166,2.1,7.8422546,8.0
temperature,elman,167,5.9,4.4697967,2.1
temperature,elman,168,11.6,7.187543,5.9
temperature,elman,169,8.6,9.967522,11.6
temperature,elman,170,7.9,7.597808,8.6
temperature,elman,171,6.0,7.6827946,7.9
temperature,elman,172,9.5,6.77511,6.0
temperature,elman,173,8.6,8.926889,9.5
temperature,elman,174,7.6,7.993124,8.6
temperature,elman,175,10.4,7.5240135,7.6
temperature,elman,176,10.3,9.384485,10.4
temperature,elman,177,7.5,9.051132,10.3
temperature,elman,178,3.0,7.4299865,7.5
temperature,elman,179,5.3,5.2594643,3.0
temperature,elman,180,10.5,6.959669,5.3
temperature,elman,181,14.6,9.529634,10.5
temperature,elman,182,12.6,11.407883,14.6
temperature,elman,183,9.8,10.118315,12.6
temperature,elman,184,7.2,8.955877,9.8
temperature,elman,185,10.1,7.850185,7.2
temperature,elman,186,10.4,9.820825,10.1
temperature,elman,187,3.7,9.591762,10.4
temperature,elman,188,7.3,5.5907817,3.7
temperature,elman,189,11.6,8.435141,7.3
temperature,elman,190,16.3,10.45042,11.6
temperature,elman,191,9.6,12.722538,16.3
temperature,elman,192,6.8,8.588676,9.6
temperature,elman,193,5.2,7.851022,6.8
temperature,elman,194,10.6,7.2104683,5.2
temperature,elman,195,16.3,10.339094,10.6
temperature,elman,196,9.8,13.078596,16.3
temperature,elman,197,4.6,8.822253,9.8
temperature,elman,198,11.1,6.6287856,4.6
temperature,elman,199,8.7,11.156158,11.1
temperature,elman,200,10.0,8.713505,8.7
temperature,elman,201,11.3,9.64221,10.0
temperature,elman,202,10.5,10.502439,11.3
temperature,elman,203,9.9,9.817782,10.5
temperature,elman,204,11.0,9.579379,9.9
temperature,elman,205,14.0,10.442292,11.0
temperature,elman,206,9.2,12.14437,14.0
temperature,elman,207,9.8,8.990603,9.2
temperature,elman,208,6.0,9.992573,9.8
temperature,elman,209,9.8,7.662428,6.0
temperature,elman,210,9.2,10.172291,9.8
temperature,elman,211,11.8,9.283018,9.2
temperature,elman,212,10.3,10.831998,11.8
temperature,elman,213,7.5,9.709099,10.3
temperature,elman,214,7.7,8.204468,7.5
temperature,elman,215,15.8,8.627961,7.7
temperature,elman,216,14.6,13.388644,15.8
temperature,elman,217,10.5,11.9561,14.6
temperature,elman,218,11.3,9.833538,10.5
temperature,elman,219,10.9,11.126186,11.3
temperature,elman,220,6.4,10.77235,10.9
temperature,elman,221,10.9,7.889932,6.4
temperature,elman,222,9.0,11.133425,10.9
temperature,elman,223,10.9,9.377704,9.0
temperature,elman,224,12.4,10.599485,10.9
temperature,elman,225,11.6,11.453966,12.4
temperature,elman,226,13.3,10.782988,11.6
temperature,elman,227,14.4,12.020382,13.3
temperature,elman,228,18.4,12.75953,14.4
temperature,elman,229,13.6,15.142916,18.4
temperature,elman,230,14.9,12.213412,13.6
temperature,elman,231,14.8,13.800915,14.9
temperature,elman,232,15.4,13.853985,14.8
temperature,elman,233,11.8,14.267878,15.4
temperature,elman,234,13.0,12.175182,11.8
temperature,elman,235,11.1,13.389529,13.0
temperature,elman,236,12.5,12.066343,11.1
temperature,elman,237,18.3,13.028641,12.5
temperature,elman,238,19.2,16.306534,18.3
temperature,elman,239,15.4,16.31784,19.2
temperature,elman,240,13.1,14.285785,15.4
temperature,elman,241,11.5,13.627569,13.1
temperature,elman,242,8.6,12.923568,11.5
temperature,elman,243,12.6,11.143325,8.6
temperature,elman,244,13.8,13.662998,12.6
temperature,elman,245,14.6,13.842427,13.8
temperature,elman,246,13.2,14.098086,14.6
temperature,elman,247,12.3,13.325072,13.2
temperature,elman,248,8.8,12.99431,12.3
temperature,elman,249,10.7,10.91113,8.8
temperature,elman,250,9.9,12.290432,10.7
temperature,elman,251,8.3,11.434673,9.9
temperature,elman,252,15.0,10.296203,8.3
temperature,elman,253,12.2,14.446169,15.0
temperature,elman,254,10.5,12.014561,12.2
temperature,elman,255,11.1,11.242707,10.5
temperature,elman,256,13.0,11.984648,11.1
temperature,elman,257,12.9,12.959482,13.0
temperature,elman,258,8.8,12.615615,12.9
temperature,elman,259,14.7,10.179056,8.8
temperature,elman,260,14.7,14.190483,14.7
temperature,elman,261,12.7,13.594137,14.7
temperature,elman,262,13.3,12.370629,12.7
temperature,elman,263,13.2,13.207675,13.3
temperature,elman,264,16.2,13.148096,13.2
temperature,elman,265,17.3,14.92348,16.2
temperature,elman,266,20.5,15.424544,17.3
temperature,elman,267,20.2,17.246403,20.5
temperature,elman,268,19.4,17.008604,20.2
temperature,elman,269,15.5,16.842194,19.4
temperature,elman,270,14.1,14.925301,15.5
temperature,elman,271,11.0,14.601368,14.1
temperature,elman,272,11.1,12.850161,11.0
temperature,elman,273,14.0,13.029714,11.1
temperature,elman,274,11.4,14.577013,14.0
temperature,elman,275,12.5,12.538169,11.4
temperature,elman,276,13.4,13.409146,12.5
temperature,elman,277,13.6,13.852474,13.4
temperature,elman,278,13.9,13.760744,13.6
temperature,elman,279,17.2,13.96146,13.9
temperature,elman,280,14.7,15.9269085,17.2
temperature,elman,281,15.4,14.170611,14.7
temperature,elman,282,13.1,14.972269,15.4
temperature,elman,283,13.2,13.645198,13.1
temperature,elman,284,13.9,13.888051,13.2
temperature,elman,285,10.0,14.280164,13.9
temperature,elman,286,12.9,11.763714,10.0
temperature,elman,287,14.6,13.811526,12.9
temperature,elman,288,14.0,14.490742,14.6
temperature,elman,289,13.6,13.838422,14.0
temperature,elman,290,13.5,13.7854395,13.6
temperature,elman,291,15.7,13.838455,13.5
temperature,elman,292,13.0,15.12153,15.7
temperature,jordan,0,11.0,11.243705,9.2
temperature,jordan,1,15.0,11.22977,11.0
temperature,jordan,2,11.6,13.062731,15.0
temperature,jordan,3,11.6,12.649519,11.6
temperature,jordan,4,15.1,12.472306,11.6
temperature,jordan,5,15.0,14.155024,15.1
temperature,jordan,6,13.6,14.888622,15.0
temperature,jordan,7,12.5,14.096613,13.6
temperature,jordan,8,14.3,13.418556,12.5
temperature,jordan,9,16.0,14.303553,14.3
temperature,jordan,10,17.4,15.453642,16.0
temperature,jordan,11,16.9,16.272802,17.4
temperature,jordan,12,18.0,15.885342,16.9
temperature,jordan,13,20.6,16.56224,18.0
temperature,jordan,14,14.2,17.778057,20.6
temperature,jordan,15,10.9,13.7443285,14.2
temperature,jordan,16,11.9,12.398606,10.9
temperature,jordan,17,13.3,12.506402,11.9
temperature,jordan,18,15.3,13.318671,13.3
temperature,jordan,19,14.7,14.770881,15.3
temperature,jordan,20,11.0,14.7673855,14.7
temperature,jordan,21,12.2,12.489727,11.0
temperature,jordan,22,14.2,12.723996,12.2
temperature,jordan,23,17.0,13.905696,14.2
temperature,jordan,24,15.8,15.829959,17.0
temperature,jordan,25,15.2,15.317364,15.8
temperature,jordan,26,15.1,15.0318775,15.2
temperature,jordan,27,14.7,14.995728,15.1
temperature,jordan,28,18.5,14.759574,14.7
temperature,jordan,29,16.4,16.759693,18.5
temperature,jordan,30,18.4,15.462555,16.4
temperature,jordan,31,15.1,16.785639,18.4
temperature,jordan,32,9.9,14.641188,15.1
temperature,jordan,33,10.2,11.829339,9.9
temperature,jordan,34,12.6,11.199816,10.2
temperature,jordan,35,13.2,12.004912,12.6
temperature,jordan,36,11.5,12.923899,13.2
temperature,jordan,37,13.8,12.537526,11.5
temperature,jordan,38,14.5,13.590807,13.8
temperature,jordan,39,14.7,14.472253,14.5
temperature,jordan,40,11.2,14.75837,14.7
temperature,jordan,41,12.7,12.613657,11.2
temperature,jordan,42,13.7,13.0659485,12.7
temperature,jordan,43,11.5,13.834164,13.7
temperature,jordan,44,10.4,12.7784605,11.5
temperature,jordan,45,8.9,11.828897,10.4
temperature,jordan,46,11.1,10.449057,8.9
temperature,jordan,47,9.5,10.704319,11.1
temperature,jordan,48,13.0,10.01923,9.5
temperature,jordan,49,13.9,11.318483,13.0
temperature,jordan,50,12.6,12.691014,13.9
temperature,jordan,51,14.3,13.053592,12.6
temperature,jordan,52,16.0,14.140733,14.3
temperature,jordan,53,13.3,15.418308,16.0
temperature,jordan,54,7.0,13.843177,13.3
temperature,jordan,55,4.9,10.138619,7.0
temperature,jordan,56,6.9,7.00805,4.9
temperature,jordan,57,13.7,7.486433,6.9
temperature,jordan,58,10.6,10.812913,13.7
temperature,jordan,59,12.3,10.699649,10.6
temperature,jordan,60,11.1,11.473998,12.3
temperature,jordan,61,10.2,11.453009,11.1
temperature,jordan,62,9.5,10.943678,10.2
temperature,jordan,63,8.9,10.187775,9.5
temperature,jordan,64,13.4,9.339028,8.9
temperature,jordan,65,9.1,11.124467,13.4
temperature,jordan,66,9.4,10.088686,9.1
temperature,jordan,67,8.7,9.562188,9.4
temperature,jordan,68,5.8,8.885745,8.7
temperature,jordan,69,4.5,6.88267,5.8
temperature,jordan,70,7.2,5.972447,4.5
temperature,jordan,71,10.0,7.8540506,7.2
temperature,jordan,72,10.5,9.202772,10.0
temperature,jordan,73,10.7,9.727954,10.5
temperature,jordan,74,8.2,10.063112,10.7
temperature,jordan,75,6.1,8.859472,8.2
temperature,jordan,76,4.5,7.059878,6.1
temperature,jordan,77,6.1,5.9445224,4.5
temperature,jordan,78,9.8,7.205461,6.1
temperature,jordan,79,9.7,9.100357,9.8
temperature,jordan,80,8.2,9.266768,9.7
temperature,jordan,81,8.4,8.470194,8.2
temperature,jordan,82,8.5,8.378848,8.4
temperature,jordan,83,10.4,8.42404,8.5
temperature,jordan,84,6.8,9.469572,10.4
temperature,jordan,85,6.0,7.7156196,6.8
temperature,jordan,86,6.6,6.8572173,6.0
temperature,jordan,87,7.8,7.3240542,6.6
temperature,jordan,88,10.3,7.9937506,7.8
temperature,jordan,89,7.2,9.36517,10.3
temperature,jordan,90,7.4,7.911009,7.2
temperature,jordan,91,11.4,7.733174,7.4
temperature,jordan,92,5.4,9.875793,11.4
temperature,jordan,93,4.4,7.1111007,5.4
temperature,jordan,94,6.4,5.8724413,4.4
temperature,jordan,95,9.3,7.405348,6.4
temperature,jordan,96,7.7,8.832349,9.3
temperature,jordan,97,8.1,8.035047,7.7
temperature,jordan,98,8.3,8.158224,8.1
temperature,jordan,99,9.1,8.283932,8.3
temperature,jordan,100,7.7,8.754302,9.1
temperature,jordan,101,10.6,8.016212,7.7
temperature,jordan,102,8.2,9.517145,10.6
temperature,jordan,103,7.9,8.573673,8.2
temperature,jordan,104,5.2,8.099697,7.9
temperature,jordan,105,5.9,6.356328,5.2
temperature,jordan,106,3.7,6.9838786,5.9
temperature,jordan,107,5.6,5.4362764,3.7
temperature,jordan,108,9.4,7.031994,5.6
temperature,jordan,109,7.4,8.905236,9.4
temperature,jordan,110,7.3,7.8724427,7.4
temperature,jordan,111,7.7,7.671433,7.3
temperature,jordan,112,7.7,7.9157877,7.7
temperature,jordan,113,9.3,7.9152484,7.7
temperature,jordan,114,4.4,8.834766,9.3
temperature,jordan,115,5.7,6.018704,4.4
temperature,jordan,116,10.2,6.9387064,5.7
temperature,jordan,117,10.2,9.312685,10.2
temperature,jordan,118,9.3,9.612844,10.2
temperature,jordan,119,5.4,9.251261,9.3
temperature,jordan,120,5.0,6.776576,5.4
temperature,jordan,121,7.6,6.3178344,5.0
temperature,jordan,122,9.6,8.015447,7.6
temperature,jordan,123,10.4,9.002597,9.6
temperature,jordan,124,11.2,9.608039,10.4
temperature,jordan,125,9.1,10.255756,11.2
temperature,jordan,126,11.2,9.495174,9.1
temperature,jordan,127,6.8,10.202434,11.2
temperature,jordan,128,8.3,8.125647,6.8
temperature,jordan,129,9.7,8.281445,8.3
temperature,jordan,130,9.6,9.082369,9.7
temperature,jordan,131,9.8,9.206094,9.6
temperature,jordan,132,10.8,9.357903,9.8
temperature,jordan,133,9.2,9.942356,10.8
temperature,jordan,134,6.5,9.365298,9.2
temperature,jordan,135,8.1,7.4878798,6.5
temperature,jordan,136,7.3,8.159075,8.1
temperature,jordan,137,7.9,7.6831512,7.3
temperature,jordan,138,6.0,8.034731,7.9
temperature,jordan,139,5.0,6.8609343,6.0
temperature,jordan,140,6.8,6.302365,5.0
temperature,jordan,141,9.8,7.5495605,6.8
temperature,jordan,142,5.7,9.09225,9.8
temperature,jordan,143,8.6,6.892044,5.7
temperature,jordan,144,10.6,8.491034,8.6
temperature,jordan,145,7.8,9.582935,10.6
temperature,jordan,146,7.7,8.367435,7.8
temperature,jordan,147,8.6,7.94777,7.7
temperature,jordan,148,6.5,8.445133,8.6
temperature,jordan,149,6.9,7.217951,6.5
temperature,jordan,150,6.4,7.460272,6.9
temperature,jordan,151,8.5,7.124811,6.4
temperature,jordan,152,7.8,8.412665,8.5
temperature,jordan,153,9.3,8.014081,7.8
temperature,jordan,154,8.4,8.840305,9.3
temperature,jordan,155,7.8,8.453962,8.4
temperature,jordan,156,7.4,8.019975,7.8
temperature,jordan,157,7.7,7.7364407,7.4
temperature,jordan,158,8.9,7.9145346,7.7
temperature,jordan,159,9.7,8.61371,8.9
temperature,jordan,160,9.9,9.1370535,9.7
temperature,jordan,161,6.1,9.387653,9.9
temperature,jordan,162,6.6,7.256716,6.1
temperature,jordan,163,7.6,7.269545,6.6
temperature,jordan,164,7.4,7.8798165,7.6
temperature,jordan,165,8.0,7.7327056,7.4
temperature,jordan,166,2.1,8.093138,8.0
temperature,jordan,167,5.9,4.5001245,2.1
temperature,jordan,168,11.6,7.471609,5.9
temperature,jordan,169,8.6,9.953679,11.6
temperature,jordan,170,7.9,9.02861,8.6
temperature,jordan,171,6.0,8.210295,7.9
temperature,jordan,172,9.5,6.8737984,6.0
temperature,jordan,173,8.6,8.969288,9.5
temperature,jordan,174,7.6,8.605707,8.6
temperature,jordan,175,10.4,7.924531,7.6
temperature,jordan,176,10.3,9.410185,10.4
temperature,jordan,177,7.5,9.705582,10.3
temperature,jordan,178,3.0,8.249451,7.5
temperature,jordan,179,5.3,5.036022,3.0
temperature,jordan,180,10.5,6.9630733,5.3
temperature,jordan,181,14.6,9.454881,10.5
temperature,jordan,182,12.6,11.64734,14.6
temperature,jordan,183,9.8,12.357672,12.6
temperature,jordan,184,7.2,11.278271,9.8
temperature,jordan,185,10.1,9.104643,7.2
temperature,jordan,186,10.4,9.483659,10.1
temperature,jordan,187,3.7,9.790016,10.4
temperature,jordan,188,7.3,6.134203,3.7
temperature,jordan,189,11.6,7.8783417,7.3
temperature,jordan,190,16.3,9.977721,11.6
temperature,jordan,191,9.6,12.537,16.3
temperature,jordan,192,6.8,11.248394,9.6
temperature,jordan,193,5.2,8.857749,6.8
temperature,jordan,194,10.6,6.5065355,5.2
temperature,jordan,195,16.3,9.531515,10.6
temperature,jordan,196,9.8,12.2805395,16.3
temperature,jordan,197,4.6,11.237572,9.8
temperature,jordan,198,11.1,7.6836443,4.6
temperature,jordan,199,8.7,9.734438,11.1
temperature,jordan,200,10.0,8.968977,8.7
temperature,jordan,201,11.3,9.387295,10.0
temperature,jordan,202,10.5,10.203794,11.3
temperature,jordan,203,9.9,10.231556,10.5
temperature,jordan,204,11.0,9.926281,9.9
temperature,jordan,205,14.0,10.323958,11.0
temperature,jordan,206,9.2,11.93851,14.0
temperature,jordan,207,9.8,10.691067,9.2
temperature,jordan,208,6.0,10.177401,9.8
temperature,jordan,209,9.8,7.6474,6.0
temperature,jordan,210,9.2,9.092837,9.8
temperature,jordan,211,11.8,8.9870205,9.2
temperature,jordan,212,10.3,10.290761,11.8
temperature,jordan,213,7.5,10.18047,10.3
temperature,jordan,214,7.7,8.521125,7.5
temperature,jordan,215,15.8,7.970139,7.7
temperature,jordan,216,14.6,11.6152935,15.8
temperature,jordan,217,10.5,13.240764,14.6
temperature,jordan,218,11.3,12.048755,10.5
temperature,jordan,219,10.9,11.960134,11.3
temperature,jordan,220,6.4,11.680235,10.9
temperature,jordan,221,10.9,8.931778,6.4
temperature,jordan,222,9.0,9.840561,10.9
temperature,jordan,223,10.9,9.196201,9.0
temperature,jordan,224,12.4,9.929326,10.9
temperature,jordan,225,11.6,10.998194,12.4
temperature,jordan,226,13.3,11.357241,11.6
temperature,jordan,227,14.4,12.457899,13.3
temperature,jordan,228,18.4,13.826504,14.4
temperature,jordan,229,13.6,16.39038,18.4
temperature,jordan,230,14.9,13.808386,13.6
temperature,jordan,231,14.8,14.753925,14.9
temperature,jordan,232,15.4,14.826366,14.8
temperature,jordan,233,11.8,15.174984,15.4
temperature,jordan,234,13.0,12.941426,11.8
temperature,jordan,235,11.1,13.397594,13.0
temperature,jordan,236,12.5,12.452638,11.1
temperature,jordan,237,18.3,12.865412,12.5
temperature,jordan,238,19.2,15.709515,18.3
temperature,jordan,239,15.4,17.172466,19.2
temperature,jordan,240,13.1,14.707139,15.4
temperature,jordan,241,11.5,13.798384,13.1
temperature,jordan,242,8.6,12.773547,11.5
temperature,jordan,243,12.6,10.758409,8.6
temperature,jordan,244,13.8,11.658616,12.6
temperature,jordan,245,14.6,12.9321575,13.8
temperature,jordan,246,13.2,14.225206,14.6
temperature,jordan,247,12.3,13.853678,13.2
temperature,jordan,248,8.8,13.268635,12.3
temperature,jordan,249,10.7,11.036909,8.8
temperature,jordan,250,9.9,10.916519,10.7
temperature,jordan,251,8.3,10.392321,9.9
temperature,jordan,252,15.0,9.123301,8.3
temperature,jordan,253,12.2,11.648001,15.0
temperature,jordan,254,10.5,12.157698,12.2
temperature,jordan,255,11.1,11.575213,10.5
temperature,jordan,256,13.0,11.5263605,11.1
temperature,jordan,257,12.9,12.455993,13.0
temperature,jordan,258,8.8,13.0799,12.9
temperature,jordan,259,14.7,10.983253,8.8
temperature,jordan,260,14.7,12.733217,14.7
temperature,jordan,261,12.7,14.152943,14.7
temperature,jordan,262,13.3,13.545071,12.7
temperature,jordan,263,13.2,13.792896,13.3
temperature,jordan,264,16.2,13.794907,13.2
temperature,jordan,265,17.3,15.411562,16.2
temperature,jordan,266,20.5,16.220955,17.3
temperature,jordan,267,20.2,17.754978,20.5
temperature,jordan,268,19.4,17.370903,20.2
temperature,jordan,269,15.5,17.042782,19.4
temperature,jordan,270,14.1,14.813,15.5
temperature,jordan,271,11.0,14.40695,14.1
temperature,jordan,272,11.1,12.504172,11.0
temperature,jordan,273,14.0,12.111957,11.1
temperature,jordan,274,11.4,13.385648,14.0
temperature,jordan,275,12.5,12.630666,11.4
temperature,jordan,276,13.4,12.966606,12.5
temperature,jordan,277,13.6,13.626591,13.4
temperature,jordan,278,13.9,13.986389,13.6
temperature,jordan,279,17.2,14.238044,13.9
temperature,jordan,280,14.7,16.034771,17.2
temperature,jordan,281,15.4,14.595713,14.7
temperature,jordan,282,13.1,15.1658,15.4
temperature,jordan,283,13.2,13.756339,13.1
temperature,jordan,284,13.9,13.78738,13.2
temperature,jordan,285,10.0,14.197357,13.9
temperature,jordan,286,12.9,11.889647,10.0
temperature,jordan,287,14.6,12.690372,12.9
temperature,jordan,288,14.0,14.077948,14.6
temperature,jordan,289,13.6,14.310619,14.0
temperature,jordan,290,13.5,14.100058,13.6
temperature,jordan,291,15.7,14.020845,13.5
temperature,jordan,292,13.0,15.233259,15.7
temperature,mrnn,0,15.1,12.662895,11.6
temperature,mrnn,1,15.0,14.701042,15.1
temperature,mrnn,2,13.6,14.320516,15.0
temperature,mrnn,3,12.5,13.552958,13.6
temperature,mrnn,4,14.3,13.068516,12.5
temperature,mrnn,5,16.0,14.189595,14.3
temperature,mrnn,6,17.4,15.007614,16.0
temperature,mrnn,7,16.9,15.708349,17.4
temperature,mrnn,8,18.0,15.435864,16.9
temperature,mrnn,9,20.6,16.200886,18.0
temperature,mrnn,10,14.2,17.594439,20.6
temperature,mrnn,11,10.9,13.966543,14.2
temperature,mrnn,12,11.9,12.613068,10.9
temperature,mrnn,13,13.3,13.4042225,11.9
temperature,mrnn,14,15.3,13.947216,13.3
temperature,mrnn,15,14.7,14.878288,15.3
temperature,mrnn,16,11.0,14.378171,14.7
temperature,mrnn,17,12.2,12.265886,11.0
temperature,mrnn,18,14.2,13.23485,12.2
temperature,mrnn,19,17.0,14.222646,14.2
temperature,mrnn,20,15.8,15.608885,17.0
temperature,mrnn,21,15.2,14.782839,15.8
temperature,mrnn,22,15.1,14.641543,15.2
temperature,mrnn,23,14.7,14.711498,15.1
temperature,mrnn,24,18.5,14.503089,14.7
temperature,mrnn,25,16.4,16.677366,18.5
temperature,mrnn,26,18.4,15.270902,16.4
temperature,mrnn,27,15.1,16.614084,18.4
temperature,mrnn,28,9.9,14.715065,15.1
temperature,mrnn,29,10.2,11.948426,9.9
temperature,mrnn,30,12.6,12.445476,10.2
temperature,mrnn,31,13.2,13.624584,12.6
temperature,mrnn,32,11.5,13.593415,13.2
temperature,mrnn,33,13.8,12.469694,11.5
temperature,mrnn,34,14.5,13.943718,13.8
temperature,mrnn,35,14.7,14.150323,14.5
temperature,mrnn,36,11.2,14.215668,14.7
temperature,mrnn,37,12.7,12.174203,11.2
temperature,mrnn,38,13.7,13.3204365,12.7
temperature,mrnn,39,11.5,13.732625,13.7
temperature,mrnn,40,10.4,12.262539,11.5
temperature,mrnn,41,8.9,11.731736,10.4
temperature,mrnn,42,11.1,10.791771,8.9
temperature,mrnn,43,9.5,12.034692,11.1
temperature,mrnn,44,13.0,10.722487,9.5
temperature,mrnn,45,13.9,12.839706,13.0
temperature,mrnn,46,12.6,13.11017,13.9
temperature,mrnn,47,14.3,12.300221,12.6
temperature,mrnn,48,16.0,13.530378,14.3
temperature,mrnn,49,13.3,14.489092,16.0
temperature,mrnn,50,7.0,12.853407,13.3
temperature,mrnn,51,4.9,9.329651,7.0
temperature,mrnn,52,6.9,8.415604,4.9
temperature,mrnn,53,13.7,9.371204,6.9
temperature,mrnn,54,10.6,12.943517,13.7
temperature,mrnn,55,12.3,10.446457,10.6
temperature,mrnn,56,11.1,11.786112,12.3
temperature,mrnn,57,10.2,11.0398655,11.1
temperature,mrnn,58,9.5,10.55434,10.2
temperature,mrnn,59,8.9,10.17167,9.5
temperature,mrnn,60,13.4,9.757785,8.9
temperature,mrnn,61,9.1,12.43459,13.4
temperature,mrnn,62,9.4,9.46226,9.1
temperature,mrnn,63,8.7,9.965526,9.4
temperature,mrnn,64,5.8,9.489378,8.7
temperature,mrnn,65,4.5,7.6468315,5.8
temperature,mrnn,66,7.2,6.9520392,4.5
temperature,mrnn,67,10.0,8.392556,7.2
temperature,mrnn,68,10.5,9.638117,10.0
temperature,mrnn,69,10.7,9.660407,10.5
temperature,mrnn,70,8.2,9.823905,10.7
temperature,mrnn,71,6.1,8.3980055,8.2
temperature,mrnn,72,4.5,7.353922,6.1
temperature,mrnn,73,6.1,6.5020714,4.5
temperature,mrnn,74,9.8,7.3543267,6.1
temperature,mrnn,75,9.7,9.233442,9.8
temperature,mrnn,76,8.2,8.831643,9.7
temperature,mrnn,77,8.4,8.015419,8.2
temperature,mrnn,78,8.5,8.319475,8.4
temperature,mrnn,79,10.4,8.352157,8.5
temperature,mrnn,80,6.8,9.456614,10.4
temperature,mrnn,81,6.0,7.2184935,6.8
temperature,mrnn,82,6.6,7.039745,6.0
temperature,mrnn,83,7.8,7.3871474,6.6
temperature,mrnn,84,10.3,7.916272,7.8
temperature,mrnn,85,7.2,9.2536545,10.3
temperature,mrnn,86,7.4,7.2805347,7.2
temperature,mrnn,87,11.4,7.685326,7.4
temperature,mrnn,88,5.4,10.045067,11.4
temperature,mrnn,89,4.4,6.243321,5.4
temperature,mrnn,90,6.4,6.150637,4.4
temperature,mrnn,91,9.3,7.2869043,6.4
temperature,mrnn,92,7.7,8.66107,9.3
temperature,mrnn,93,8.1,7.4848337,7.7
temperature,mrnn,94,8.3,7.902901,8.1
temperature,mrnn,95,9.1,8.033292,8.3
temperature,mrnn,96,7.7,8.492561,9.1
temperature,mrnn,97,10.6,7.647714,7.7
temperature,mrnn,98,8.2,9.503333,10.6
temperature,mrnn,99,7.9,7.9154034,8.2
temperature,mrnn,100,5.2,7.961538,7.9
temperature,mrnn,101,5.9,6.4584966,5.2
temperature,mrnn,102,3.7,6.981496,5.9
temperature,mrnn,103,5.6,5.6137967,3.7
temperature,mrnn,104,9.4,6.7256403,5.6
temperature,mrnn,105,7.4,8.677975,9.4
temperature,mrnn,106,7.3,7.2035027,7.4
temperature,mrnn,107,7.7,7.367764,7.3
temperature,mrnn,108,7.7,7.6567917,7.7
temperature,mrnn,109,9.3,7.614198,7.7
temperature,mrnn,110,4.4,8.562819,9.3
temperature,mrnn,111,5.7,5.6857605,4.4
temperature,mrnn,112,10.2,6.774748,5.7
temperature,mrnn,113,10.2,9.207657,10.2
temperature,mrnn,114,9.3,8.828463,10.2
temperature,mrnn,115,5.4,8.421241,9.3
temperature,mrnn,116,5.0,6.379239,5.4
temperature,mrnn,117,7.6,6.445887,5.0
temperature,mrnn,118,9.6,7.8573627,7.6
temperature,mrnn,119,10.4,8.730394,9.6
temperature,mrnn,120,11.2,9.085298,10.4
temperature,mrnn,121,9.1,9.641401,11.2
temperature,mrnn,122,11.2,8.488346,9.1
temperature,mrnn,123,6.8,10.013697,11.2
temperature,mrnn,124,8.3,7.3332872,6.8
temperature,mrnn,125,9.7,8.537316,8.3
temperature,mrnn,126,9.6,9.227884,9.7
temperature,mrnn,127,9.8,9.023138,9.6
temperature,mrnn,128,10.8,9.218372,9.8
temperature,mrnn,129,9.2,9.881255,10.8
temperature,mrnn,130,6.5,8.91596,9.2
temperature,mrnn,131,8.1,7.4881372,6.5
temperature,mrnn,132,7.3,8.600586,8.1
temperature,mrnn,133,7.9,7.906399,7.3
temperature,mrnn,134,6.0,8.236898,7.9
temperature,mrnn,135,5.0,7.0575566,6.0
temperature,mrnn,136,6.8,6.568474,5.0
temperature,mrnn,137,9.8,7.581247,6.8
temperature,mrnn,138,5.7,9.098618,9.8
temperature,mrnn,139,8.6,6.480733,5.7
temperature,mrnn,140,10.6,8.504801,8.6
temperature,mrnn,141,7.8,9.466834,10.6
temperature,mrnn,142,7.7,7.6744604,7.8
temperature,mrnn,143,8.6,7.913284,7.7
temperature,mrnn,144,6.5,8.4611435,8.6
temperature,mrnn,145,6.9,7.1273518,6.5
temperature,mrnn,146,6.4,7.496352,6.9
temperature,mrnn,147,8.5,7.1335793,6.4
temperature,mrnn,148,7.8,8.323958,8.5
temperature,mrnn,149,9.3,7.7347383,7.8
temperature,mrnn,150,8.4,8.681829,9.3
temperature,mrnn,151,7.8,8.086556,8.4
temperature,mrnn,152,7.4,7.8373513,7.8
temperature,mrnn,153,7.7,7.6728477,7.4
temperature,mrnn,154,8.9,7.8532906,7.7
temperature,mrnn,155,9.7,8.509619,8.9
temperature,mrnn,156,9.9,8.900557,9.7
temperature,mrnn,157,6.1,9.018173,9.9
temperature,mrnn,158,6.6,6.8625484,6.1
temperature,mrnn,159,7.6,7.4468737,6.6
temperature,mrnn,160,7.4,7.9137964,7.6
temperature,mrnn,161,8.0,7.632058,7.4
temperature,mrnn,162,2.1,7.9830914,8.0
temperature,mrnn,163,5.9,4.6606064,2.1
temperature,mrnn,164,11.6,7.12152,5.9
temperature,mrnn,165,8.6,10.022024,11.6
temperature,mrnn,166,7.9,7.800441,8.6
temperature,mrnn,167,6.0,7.760116,7.9
temperature,mrnn,168,9.5,6.812126,6.0
temperature,mrnn,169,8.6,8.939726,9.5
temperature,mrnn,170,7.6,8.121189,8.6
temperature,mrnn,171,10.4,7.631094,7.6
temperature,mrnn,172,10.3,9.417225,10.4
temperature,mrnn,173,7.5,9.179834,10.3
temperature,mrnn,174,3.0,7.615237,7.5
temperature,mrnn,175,5.3,5.3545933,3.0
temperature,mrnn,176,10.5,6.871832,5.3
temperature,mrnn,177,14.6,9.541051,10.5
temperature,mrnn,178,12.6,11.545046,14.6
temperature,mrnn,179,9.8,10.295642,12.6
temperature,mrnn,180,7.2,9.087441,9.8
temperature,mrnn,181,10.1,7.924756,7.2
temperature,mrnn,182,10.4,9.806377,10.1
temperature,mrnn,183,3.7,9.703721,10.4
temperature,mrnn,184,7.3,5.7857366,3.7
temperature,mrnn,185,11.6,8.3129835,7.3
temperature,mrnn,186,16.3,10.459771,11.6
temperature,mrnn,187,9.6,12.917441,16.3
temperature,mrnn,188,6.8,8.867125,9.6
temperature,mrnn,189,5.2,7.9200363,6.8
temperature,mrnn,190,10.6,7.196909,5.2
temperature,mrnn,191,16.3,10.282946,10.6
temperature,mrnn,192,9.8,13.20417,16.3
temperature,mrnn,193,4.6,9.080759,9.8
temperature,mrnn,194,11.1,6.7117953,4.6
temperature,mrnn,195,8.7,10.939591,11.1
temperature,mrnn,196,10.0,8.826419,8.7
temperature,mrnn,197,11.3,9.726478,10.0
temperature,mrnn,198,10.5,10.505083,11.3
temperature,mrnn,199,9.9,9.950408,10.5
temperature,mrnn,200,11.0,9.729665,9.9
temperature,mrnn,201,14.0,10.49893,11.0
temperature,mrnn,202,9.2,12.272623,14.0
temperature,mrnn,203,9.8,9.258663,9.2
temperature,mrnn,204,6.0,10.072479,9.8
temperature,mrnn,205,9.8,7.7445593,6.0
temperature,mrnn,206,9.2,10.130161,9.8
temperature,mrnn,207,11.8,9.371018,9.2
temperature,mrnn,208,10.3,10.931948,11.8
temperature,mrnn,209,7.5,9.911416,10.3
temperature,mrnn,210,7.7,8.387635,7.5
temperature,mrnn,211,15.8,8.705759,7.7
temperature,mrnn,212,14.6,13.463612,15.8
temperature,mrnn,213,10.5,12.223325,14.6
temperature,mrnn,214,11.3,10.095222,10.5
temperature,mrnn,215,10.9,11.130126,11.3
temperature,mrnn,216,6.4,10.837243,10.9
temperature,mrnn,217,10.9,8.089218,6.4
temperature,mrnn,218,9.0,11.05626,10.9
temperature,mrnn,219,10.9,9.451086,9.0
temperature,mrnn,220,12.4,10.661126,10.9
temperature,mrnn,221,11.6,11.486779,12.4
temperature,mrnn,222,13.3,10.937649,11.6
temperature,mrnn,223,14.4,12.151007,13.3
temperature,mrnn,224,18.4,12.826978,14.4
temperature,mrnn,225,13.6,15.254246,18.4
temperature,mrnn,226,14.9,12.419558,13.6
temperature,mrnn,227,14.8,13.785924,14.9
temperature,mrnn,228,15.4,13.802678,14.8
temperature,mrnn,229,11.8,14.229414,15.4
temperature,mrnn,230,13.0,12.159624,11.8
temperature,mrnn,231,11.1,13.209064,13.0
temperature,mrnn,232,12.5,11.959996,11.1
temperature,mrnn,233,18.3,12.878003,12.5
temperature,mrnn,234,19.2,16.139122,18.3
temperature,mrnn,235,15.4,16.275728,19.2
temperature,mrnn,236,13.1,14.2923975,15.4
temperature,mrnn,237,11.5,13.455389,13.1
temperature,mrnn,238,8.6,12.727957,11.5
temperature,mrnn,239,12.6,10.985145,8.6
temperature,mrnn,240,13.8,13.428394,12.6
temperature,mrnn,241,14.6,13.69337,13.8
temperature,mrnn,242,13.2,14.04199,14.6
temperature,mrnn,243,12.3,13.25429,13.2
temperature,mrnn,244,8.8,12.874471,12.3
temperature,mrnn,245,10.7,10.798593,8.8
temperature,mrnn,246,9.9,12.072623,10.7
temperature,mrnn,247,8.3,11.262568,9.9
temperature,mrnn,248,15.0,10.157341,8.3
temperature,mrnn,249,12.2,14.193612,15.0
temperature,mrnn,250,10.5,11.972967,12.2
temperature,mrnn,251,11.1,11.193477,10.5
temperature,mrnn,252,13.0,11.752526,11.1
temperature,mrnn,253,12.9,12.763247,13.0
temperature,mrnn,254,8.8,12.521857,12.9
temperature,mrnn,255,14.7,10.069376,8.8
temperature,mrnn,256,14.7,13.922479,14.7
temperature,mrnn,257,12.7,13.477085,14.7
temperature,mrnn,258,13.3,12.340706,12.7
temperature,mrnn,259,13.2,13.011566,13.3
temperature,mrnn,260,16.2,12.945319,13.2
temperature,mrnn,261,17.3,14.745383,16.2
temperature,mrnn,262,20.5,15.258059,17.3
temperature,mrnn,263,20.2,17.081121,20.5
temperature,mrnn,264,19.4,16.891481,20.2
temperature,mrnn,265,15.5,16.681473,19.4
temperature,mrnn,266,14.1,14.766372,15.5
temperature,mrnn,267,11.0,14.363527,14.1
temperature,mrnn,268,11.1,12.64024,11.0
temperature,mrnn,269,14.0,12.813646,11.1
temperature,mrnn,270,11.4,14.366855,14.0
temperature,mrnn,271,12.5,12.466531,11.4
temperature,mrnn,272,13.4,13.273598,12.5
temperature,mrnn,273,13.6,13.692484,13.4
temperature,mrnn,274,13.9,13.679256,13.6
temperature,mrnn,275,17.2,13.851967,13.9
temperature,mrnn,276,14.7,15.763065,17.2
temperature,mrnn,277,15.4,14.139255,14.7
temperature,mrnn,278,13.1,14.824753,15.4
temperature,mrnn,279,13.2,13.49742,13.1
temperature,mrnn,280,13.9,13.712446,13.2
temperature,mrnn,281,10.0,14.084942,13.9
temperature,mrnn,282,12.9,11.629443,10.0
temperature,mrnn,283,14.6,13.580183,12.9
temperature,mrnn,284,14.0,14.283981,14.6
temperature,mrnn,285,13.6,13.754763,14.0
temperature,mrnn,286,13.5,13.63101,13.6
temperature,mrnn,287,15.7,13.639458,13.5
temperature,mrnn,288,13.0,14.930821,15.7
