dataset,model,seed,window,lag,share
pageviews,elman,42,14,1,0.48395752906799316
pageviews,elman,42,14,2,0.08593206107616425
pageviews,elman,42,14,3,0.09085088223218918
pageviews,elman,42,14,4,0.08580229431390762
pageviews,elman,42,14,5,0.0066338819451630116
pageviews,elman,42,14,6,0.043925557285547256
pageviews,elman,42,14,7,0.022017676383256912
pageviews,elman,42,14,8,0.04356113448739052
pageviews,elman,42,14,9,0.016757933422923088
pageviews,elman,42,14,10,0.03331923484802246
pageviews,elman,42,14,11,0.017912281677126884
pageviews,elman,42,14,12,0.02780231088399887
pageviews,elman,42,14,13,0.013105298392474651
pageviews,elman,42,14,14,0.028421862050890923
pageviews,elman,43,14,1,0.425289124250412
pageviews,elman,43,14,2,0.09086525440216064
pageviews,elman,43,14,3,0.06049000844359398
pageviews,elman,43,14,4,0.049485042691230774
pageviews,elman,43,14,5,0.03896399214863777
pageviews,elman,43,14,6,0.029489275068044662
pageviews,elman,43,14,7,0.058713145554065704
pageviews,elman,43,14,8,0.05304860696196556
pageviews,elman,43,14,9,0.026717213913798332
pageviews,elman,43,14,10,0.050115518271923065
pageviews,elman,43,14,11,0.0224913340061903
pageviews,elman,43,14,12,0.039381854236125946
pageviews,elman,43,14,13,0.018581490963697433
pageviews,elman,43,14,14,0.03636813908815384
pageviews,elman,44,14,1,0.45352208614349365
pageviews,elman,44,14,2,0.07007075101137161
pageviews,elman,44,14,3,0.09545444697141647
pageviews,elman,44,14,4,0.05632723122835159
pageviews,elman,44,14,5,0.027304306626319885
pageviews,elman,44,14,6,0.01575169712305069
pageviews,elman,44,14,7,0.057554297149181366
pageviews,elman,44,14,8,0.060445308685302734
pageviews,elman,44,14,9,0.015895100310444832
pageviews,elman,44,14,10,0.03860493004322052
pageviews,elman,44,14,11,0.019275788217782974
pageviews,elman,44,14,12,0.03218292072415352
pageviews,elman,44,14,13,0.038624558597803116
pageviews,elman,44,14,14,0.018986588343977928
pageviews,elman,45,14,1,0.4532598555088043
pageviews,elman,45,14,2,0.09088218212127686
pageviews,elman,45,14,3,0.07612612098455429
pageviews,elman,45,14,4,0.04005666822195053
pageviews,elman,45,14,5,0.027593784034252167
pageviews,elman,45,14,6,0.02830336056649685
pageviews,elman,45,14,7,0.06038074940443039
pageviews,elman,45,14,8,0.052531685680150986
pageviews,elman,45,14,9,0.03821960464119911
pageviews,elman,45,14,10,0.025480497628450394
pageviews,elman,45,14,11,0.012547480873763561
pageviews,elman,45,14,12,0.02028440497815609
pageviews,elman,45,14,13,0.026788415387272835
pageviews,elman,45,14,14,0.047545261681079865
pageviews,elman,46,14,1,0.6292843222618103
pageviews,elman,46,14,2,0.10023871064186096
pageviews,elman,46,14,3,0.14695504307746887
pageviews,elman,46,14,4,0.07303212583065033
pageviews,elman,46,14,5,0.02461593598127365
pageviews,elman,46,14,6,0.015598893165588379
pageviews,elman,46,14,7,0.004944834392517805
pageviews,elman,46,14,8,0.0010469913249835372
pageviews,elman,46,14,9,0.0009421621216461062
pageviews,elman,46,14,10,0.0009359968244098127
pageviews,elman,46,14,11,0.0007750984514132142
pageviews,elman,46,14,12,0.000589003786444664
pageviews,elman,46,14,13,0.0005425370763987303
pageviews,elman,46,14,14,0.0004984186962246895
pageviews,jordan,42,30,1,0.7289738059043884
pageviews,jordan,42,30,2,0.1436174213886261
pageviews,jordan,42,30,3,0.05000009760260582
pageviews,jordan,42,30,4,0.026687948033213615
pageviews,jordan,42,30,5,0.01734601892530918
pageviews,jordan,42,30,6,0.011807283386588097
pageviews,jordan,42,30,7,0.008226958103477955
pageviews,jordan,42,30,8,0.0055625890381634235
pageviews,jordan,42,30,9,0.003544030012562871
pageviews,jordan,42,30,10,0.0020831506699323654
pageviews,jordan,42,30,11,0.0011215800186619163
pageviews,jordan,42,30,12,0.0005648414953611791
pageviews,jordan,42,30,13,0.00026200362481176853
pageviews,jordan,42,30,14,0.00011880818055942655
pageviews,jordan,42,30,15,5.0583621487021446e-05
pageviews,jordan,42,30,16,2.0845684048254043e-05
pageviews,jordan,42,30,17,7.89339992479654e-06
pageviews,jordan,42,30,18,2.806408474498312e-06
pageviews,jordan,42,30,19,9.092364052776247e-07
pageviews,jordan,42,30,20,2.88558823058338e-07
pageviews,jordan,42,30,21,8.495906911321072e-08
pageviews,jordan,42,30,22,2.559954914715945e-08
pageviews,jordan,42,30,23,6.793901885515652e-09
pageviews,jordan,42,30,24,1.4277160564901692e-09
pageviews,jordan,42,30,25,1.7552312381319268e-10
pageviews,jordan,42,30,26,2.3209966934500947e-11
pageviews,jordan,42,30,27,1.828609746262755e-12
pageviews,jordan,42,30,28,1.7084264233337143e-13
pageviews,jordan,42,30,29,1.5909177797303505e-14
pageviews,jordan,42,30,30,1.1213292147504365e-15
pageviews,jordan,43,30,1,0.7285826206207275
pageviews,jordan,43,30,2,0.16464927792549133
pageviews,jordan,43,30,3,0.05314849317073822
pageviews,jordan,43,30,4,0.023728754371404648
pageviews,jordan,43,30,5,0.012348005548119545
pageviews,jordan,43,30,6,0.00717714661732316
pageviews,jordan,43,30,7,0.004342468921095133
pageviews,jordan,43,30,8,0.0026632724329829216
pageviews,jordan,43,30,9,0.0015915876720100641
pageviews,jordan,43,30,10,0.0009017126867547631
pageviews,jordan,43,30,11,0.0004669453192036599
pageviews,jordan,43,30,12,0.00022677704691886902
pageviews,jordan,43,30,13,0.00010111592564499006
pageviews,jordan,43,30,14,4.3710449972422794e-05
pageviews,jordan,43,30,15,1.7810563804232515e-05
pageviews,jordan,43,30,16,6.915102403581841e-06
pageviews,jordan,43,30,17,2.396277068328345e-06
pageviews,jordan,43,30,18,7.380226634268183e-07
pageviews,jordan,43,30,19,1.9305731768781698e-07
pageviews,jordan,43,30,20,5.1429164926730664e-08
pageviews,jordan,43,30,21,1.2585548603283314e-08
pageviews,jordan,43,30,22,3.560971073568453e-09
pageviews,jordan,43,30,23,9.516273324905455e-10
pageviews,jordan,43,30,24,2.438241553104348e-10
pageviews,jordan,43,30,25,5.305402298039219e-11
pageviews,jordan,43,30,26,1.1347365755365324e-11
pageviews,jordan,43,30,27,2.064339584689767e-12
pageviews,jordan,43,30,28,3.8535467134989676e-13
pageviews,jordan,43,30,29,5.868211732512618e-14
pageviews,jordan,43,30,30,7.525637861635018e-15
pageviews,jordan,44,30,1,0.7545467019081116
pageviews,jordan,44,30,2,0.1513632982969284
pageviews,jordan,44,30,3,0.046328354626894
pageviews,jordan,44,30,4,0.02058013156056404
pageviews,jordan,44,30,5,0.011316887103021145
pageviews,jordan,44,30,6,0.00666027469560504
pageviews,jordan,44,30,7,0.004048150032758713
pageviews,jordan,44,30,8,0.0024187194649130106
pageviews,jordan,44,30,9,0.0013714355882257223
pageviews,jordan,44,30,10,0.0007256943499669433
pageviews,jordan,44,30,11,0.0003547589003574103
pageviews,jordan,44,30,12,0.00016460612823721021
pageviews,jordan,44,30,13,7.116873166523874e-05
pageviews,jordan,44,30,14,3.0152121325954795e-05
pageviews,jordan,44,30,15,1.223013623530278e-05
pageviews,jordan,44,30,16,4.772432021127315e-06
pageviews,jordan,44,30,17,1.7292361462750705e-06
pageviews,jordan,44,30,18,5.888682608201634e-07
pageviews,jordan,44,30,19,1.8448835703566147e-07
pageviews,jordan,44,30,20,5.6365319522910795e-08
pageviews,jordan,44,30,21,1.6073579800490734e-08
pageviews,jordan,44,30,22,4.629376437748078e-09
pageviews,jordan,44,30,23,1.1876875039007473e-09
pageviews,jordan,44,30,24,2.4422319722106067e-10
pageviews,jordan,44,30,25,3.0053230737348e-11
pageviews,jordan,44,30,26,3.855262897117795e-12
pageviews,jordan,44,30,27,2.6123637216109163e-13
pageviews,jordan,44,30,28,1.8893813583434858e-14
pageviews,jordan,44,30,29,1.70824374373798e-15
pageviews,jordan,44,30,30,1.5360569274564353e-16
pageviews,jordan,45,30,1,0.7187173962593079
pageviews,jordan,45,30,2,0.15991157293319702
pageviews,jordan,45,30,3,0.05421015992760658
pageviews,jordan,45,30,4,0.026265084743499756
pageviews,jordan,45,30,5,0.01522618718445301
pageviews,jordan,45,30,6,0.009650394320487976
pageviews,jordan,45,30,7,0.006363251246511936
pageviews,jordan,45,30,8,0.004137690644711256
pageviews,jordan,45,30,9,0.0025736349634826183
pageviews,jordan,45,30,10,0.0014926035655662417
pageviews,jordan,45,30,11,0.0007772387471050024
pageviews,jordan,45,30,12,0.00038082239916548133
pageviews,jordan,45,30,13,0.0001695654063951224
pageviews,jordan,45,30,14,7.445850496878847e-05
pageviews,jordan,45,30,15,3.097279113717377e-05
pageviews,jordan,45,30,16,1.2452504051907454e-05
pageviews,jordan,45,30,17,4.465181064006174e-06
pageviews,jordan,45,30,18,1.4782636981180985e-06
pageviews,jordan,45,30,19,4.3102548374918115e-07
pageviews,jordan,45,30,20,1.276476098155399e-07
pageviews,jordan,45,30,21,3.49745441496907e-08
pageviews,jordan,45,30,22,1.0766774138915025e-08
pageviews,jordan,45,30,23,3.000334425351525e-09
pageviews,jordan,45,30,24,7.511811728200257e-10
pageviews,jordan,45,30,25,1.4300732820160533e-10
pageviews,jordan,45,30,26,2.801228866922134e-11
pageviews,jordan,45,30,27,4.3304661072329775e-12
pageviews,jordan,45,30,28,7.139848608173072e-13
pageviews,jordan,45,30,29,9.630705656788266e-14
pageviews,jordan,45,30,30,1.0771765424077984e-14
pageviews,jordan,46,30,1,0.7847852110862732
pageviews,jordan,46,30,2,0.15804222226142883
pageviews,jordan,46,30,3,0.039322685450315475
pageviews,jordan,46,30,4,0.011594939976930618
pageviews,jordan,46,30,5,0.003901760559529066
pageviews,jordan,46,30,6,0.001426311326213181
pageviews,jordan,46,30,7,0.0005519322585314512
pageviews,jordan,46,30,8,0.00022315203386824578
pageviews,jordan,46,30,9,9.126793884206563e-05
pageviews,jordan,46,30,10,3.683165414258838e-05
pageviews,jordan,46,30,11,1.4601829207094852e-05
pageviews,jordan,46,30,12,5.6714725360507146e-06
pageviews,jordan,46,30,13,2.146482984244358e-06
pageviews,jordan,46,30,14,8.005777090147603e-07
pageviews,jordan,46,30,15,2.9644380106219614e-07
pageviews,jordan,46,30,16,1.0847379172673755e-07
pageviews,jordan,46,30,17,3.894099265266959e-08
pageviews,jordan,46,30,18,1.37251863208121e-08
pageviews,jordan,46,30,19,4.718116120017157e-09
pageviews,jordan,46,30,20,1.5839863864997028e-09
pageviews,jordan,46,30,21,5.176149509011907e-10
pageviews,jordan,46,30,22,1.6530339597142785e-10
pageviews,jordan,46,30,23,5.08706479718235e-11
pageviews,jordan,46,30,24,1.4958539615306243e-11
pageviews,jordan,46,30,25,4.1696546389247136e-12
pageviews,jordan,46,30,26,1.120082433921088e-12
pageviews,jordan,46,30,27,2.8513332645495326e-13
pageviews,jordan,46,30,28,7.192824894725058e-14
pageviews,jordan,46,30,29,1.7452402370499165e-14
pageviews,jordan,46,30,30,4.4903211296541245e-15
pageviews,mrnn,42,14,1,0.40051978826522827
pageviews,mrnn,42,14,2,0.07542071491479874
pageviews,mrnn,42,14,3,0.07524088025093079
pageviews,mrnn,42,14,4,0.033636316657066345
pageviews,mrnn,42,14,5,0.019769087433815002
pageviews,mrnn,42,14,6,0.019217833876609802
pageviews,mrnn,42,14,7,0.01679787039756775
pageviews,mrnn,42,14,8,0.023414375260472298
pageviews,mrnn,42,14,9,0.025708405300974846
pageviews,mrnn,42,14,10,0.027036985382437706
pageviews,mrnn,42,14,11,0.03605270758271217
pageviews,mrnn,42,14,12,0.04262472316622734
pageviews,mrnn,42,14,13,0.06779137998819351
pageviews,mrnn,42,14,14,0.13676896691322327
pageviews,mrnn,43,14,1,0.5598405003547668
pageviews,mrnn,43,14,2,0.04830487444996834
pageviews,mrnn,43,14,3,0.07118654251098633
pageviews,mrnn,43,14,4,0.06856401264667511
pageviews,mrnn,43,14,5,0.06171850487589836
pageviews,mrnn,43,14,6,0.030887991189956665
pageviews,mrnn,43,14,7,0.02847290225327015
pageviews,mrnn,43,14,8,0.01978837512433529
pageviews,mrnn,43,14,9,0.030933927744627
pageviews,mrnn,43,14,10,0.017131350934505463
pageviews,mrnn,43,14,11,0.013945708982646465
pageviews,mrnn,43,14,12,0.023750249296426773
pageviews,mrnn,43,14,13,0.00947476364672184
pageviews,mrnn,43,14,14,0.016000302508473396
pageviews,mrnn,44,14,1,0.384905070066452
pageviews,mrnn,44,14,2,0.11537441611289978
pageviews,mrnn,44,14,3,0.09012280404567719
pageviews,mrnn,44,14,4,0.04913591220974922
pageviews,mrnn,44,14,5,0.02418690361082554
pageviews,mrnn,44,14,6,0.018840568140149117
pageviews,mrnn,44,14,7,0.018929971382021904
pageviews,mrnn,44,14,8,0.018932268023490906
pageviews,mrnn,44,14,9,0.01973634399473667
pageviews,mrnn,44,14,10,0.01996771991252899
pageviews,mrnn,44,14,11,0.027333883568644524
pageviews,mrnn,44,14,12,0.0475195050239563
pageviews,mrnn,44,14,13,0.05517939478158951
pageviews,mrnn,44,14,14,0.10983520746231079
pageviews,mrnn,45,14,1,0.5576089024543762
pageviews,mrnn,45,14,2,0.06971975415945053
pageviews,mrnn,45,14,3,0.056813646107912064
pageviews,mrnn,45,14,4,0.028206048533320427
pageviews,mrnn,45,14,5,0.02844199351966381
pageviews,mrnn,45,14,6,0.01657152734696865
pageviews,mrnn,45,14,7,0.07602468132972717
pageviews,mrnn,45,14,8,0.0510258749127388
pageviews,mrnn,45,14,9,0.015094711445271969
pageviews,mrnn,45,14,10,0.038417477160692215
pageviews,mrnn,45,14,11,0.009120569564402103
pageviews,mrnn,45,14,12,0.023261424154043198
pageviews,mrnn,45,14,13,0.02298104763031006
pageviews,mrnn,45,14,14,0.006712303962558508
pageviews,mrnn,46,14,1,0.4850587546825409
pageviews,mrnn,46,14,2,0.1166260689496994
pageviews,mrnn,46,14,3,0.10757450014352798
pageviews,mrnn,46,14,4,0.06280169636011124
pageviews,mrnn,46,14,5,0.05694807693362236
pageviews,mrnn,46,14,6,0.03372142091393471
pageviews,mrnn,46,14,7,0.0465986393392086
pageviews,mrnn,46,14,8,0.021537786349654198
pageviews,mrnn,46,14,9,0.024638554081320763
pageviews,mrnn,46,14,10,0.012480662204325199
pageviews,mrnn,46,14,11,0.015707872807979584
pageviews,mrnn,46,14,12,0.005970602389425039
pageviews,mrnn,46,14,13,0.004377362318336964
pageviews,mrnn,46,14,14,0.005958009976893663
