model,seed,transform,n_train,n_test,val_loss,best_epoch,epochs_run,rmse,mae,rmse_naive,theil_u,mase,weights,fold,dataset,shortcut_lag,window
elman,42,log1p,1676,281,0.08848290145397186,32,48,3098.8690637853606,705.5306343268669,4516.4403171956155,0.686130856636568,0.7404337871548122,321,0,pageviews,365,14
elman,43,log1p,1676,281,0.08378945291042328,47,63,3462.8268554134575,744.8048307479912,4516.4403171956155,0.7667159559773888,0.7816509088199822,321,0,pageviews,365,14
elman,44,log1p,1676,281,0.08555352687835693,56,72,3968.6634718378164,766.3900557005533,4516.4403171956155,0.8787149155337606,0.8043039717496487,321,0,pageviews,365,14
elman,45,log1p,1676,281,0.08218371123075485,59,75,3278.320534756064,726.1970466803825,4516.4403171956155,0.7258638008066638,0.7621225831068349,321,0,pageviews,365,14
elman,46,log1p,1676,281,0.09402038156986237,28,44,3484.994069584373,783.5936026250764,4516.4403171956155,0.7716240722402158,0.822358591608889,321,0,pageviews,365,14
elman,42,log1p,1901,281,0.08351319283246994,108,124,4326.8729955832805,681.7279778205627,5586.789869528237,0.7744828598589574,0.756386860223238,321,1,pageviews,365,14
elman,43,log1p,1901,281,0.0830056294798851,91,107,3026.1067471277674,545.0388192282029,5586.789869528237,0.5416539404198676,0.6047283001260543,321,1,pageviews,365,14
elman,44,log1p,1901,281,0.08487305790185928,68,84,3022.91762438222,588.0349075480289,5586.789869528237,0.5410831076482715,0.6524330699230689,321,1,pageviews,365,14
elman,45,log1p,1901,281,0.08447840064764023,71,87,3136.4147035691026,557.4372884404193,5586.789869528237,0.5613983659338792,0.6184845775623768,321,1,pageviews,365,14
elman,46,log1p,1901,281,0.09246876090765,47,63,3691.466526195814,648.679440427081,5586.789869528237,0.660749126493911,0.7197190392634158,321,1,pageviews,365,14
elman,42,log1p,2126,281,0.07458008825778961,41,57,370.5707389056721,174.53413135895102,464.094699042895,0.7984808696800505,0.8807415086983071,321,2,pageviews,365,14
elman,43,log1p,2126,281,0.07292020320892334,56,72,433.84804716561194,185.11192500973087,464.094699042895,0.9348265516937364,0.9341196179893037,321,2,pageviews,365,14
elman,44,log1p,2126,281,0.07083400338888168,38,54,403.69809145328475,177.28901732095196,464.094699042895,0.8698614577710831,0.8946433306489628,321,2,pageviews,365,14
elman,45,log1p,2126,281,0.06968453526496887,47,63,357.6175147423448,173.5205832919192,464.094699042895,0.7705701346726461,0.8756268996144256,321,2,pageviews,365,14
elman,46,log1p,2126,281,0.06974102556705475,58,74,402.20511654924456,181.5705833570813,464.094699042895,0.8666444960020322,0.9162491501003832,321,2,pageviews,365,14
elman,42,log1p,2351,281,0.053905799984931946,41,57,2611.933879345745,576.4591418500472,5478.694676927099,0.47674382920910124,0.5955703807218218,321,3,pageviews,365,14
elman,43,log1p,2351,281,0.05246029421687126,40,56,2678.1520062326103,486.16363080116355,5478.694676927099,0.4888303079767054,0.5022813199910544,321,3,pageviews,365,14
elman,44,log1p,2351,281,0.053076114505529404,47,63,2640.2398565756143,562.4309913933913,5478.694676927099,0.4819103841823281,0.5810771576956757,321,3,pageviews,365,14
elman,45,log1p,2351,281,0.051230307668447495,38,54,2167.0185109738472,494.2493533748749,5478.694676927099,0.39553554975421423,0.5106351069674937,321,3,pageviews,365,14
elman,46,log1p,2351,281,0.054819781333208084,40,56,2321.5097003763176,518.1161439291523,5478.694676927099,0.42373408946351626,0.5352931486309503,321,3,pageviews,365,14
elman,42,log1p,2576,283,0.05088328570127487,55,71,6684.146189859405,1133.712352523534,8651.493392195034,0.772600276836543,0.7974761278687615,321,4,pageviews,365,14
elman,43,log1p,2576,283,0.05261741206049919,43,59,7323.8380003566635,1171.844163766598,8651.493392195034,0.8465403218089356,0.8242988127509129,321,4,pageviews,365,14
elman,44,log1p,2576,283,0.051183246076107025,53,69,6202.6977332161605,990.8736371690729,8651.493392195034,0.7169511033565533,0.6970004954236618,321,4,pageviews,365,14
elman,45,log1p,2576,283,0.049582235515117645,46,62,6690.989587437282,1016.7796335388831,8651.493392195034,0.7733912845004973,0.7152232956141975,321,4,pageviews,365,14
elman,46,log1p,2576,283,0.0517476424574852,31,47,6227.432671636079,991.0311466931454,8651.493392195034,0.7198101402070275,0.6971112907987675,321,4,pageviews,365,14
