model,fold,drift_per_day,u_drift,u_model
elman,0,0.00041005993261933327,0.9994845813683052,0.993558984958445
elman,1,0.00039854508941061795,0.996641294888314,0.9921029248173348
elman,2,0.00046531911357305944,1.0018907899383145,1.0067274110047204
elman,3,0.00038320047315210104,0.9951284434042227,1.0024040504315082
elman,4,0.00042407229193486273,0.9986855771567363,0.9956569676740626
jordan,0,0.0003892322420142591,0.9995755084590786,0.9987836112384046
jordan,1,0.0004060407809447497,0.9957096092698712,0.9952467519162578
jordan,2,0.00047370928223244846,1.002116062871977,1.0069197964067678
jordan,3,0.0003900320443790406,0.9950807278234021,0.9986343278996257
jordan,4,0.00042170521919615567,0.9987001761856027,0.998946099947118
mrnn,0,0.0003892322420142591,0.9995755084590786,0.995323110644683
mrnn,1,0.0004060407809447497,0.9957096092698712,0.9894467481891706
mrnn,2,0.00047370928223244846,1.002116062871977,1.004174793667182
mrnn,3,0.0003900320443790406,0.9950807278234021,1.0003421324716488
mrnn,4,0.00042170521919615567,0.9987001761856027,0.9946592851378412
