dataset,model,u_mean,u_std,rmse_mean,rmse_std,relmae_mean,n
electricity,elman,0.30374985641136804,0.05989503352516302,402.29749499420154,50.5742880123199,0.28462462611641254,25
electricity,jordan,0.6104977867536067,0.02541161105439595,829.6294697618281,155.68586651830256,0.5976252711292349,25
electricity,mrnn,0.3117351271845639,0.044377964411612555,415.2730630549394,45.086965680738764,0.29167931861568736,25
mackey_glass,elman,0.05113010000696275,0.014556585121964939,0.0016825664825957482,0.000469383217095705,0.047290006719261486,25
mackey_glass,jordan,0.24006678232777248,0.022491771593576144,0.007901152564044204,0.0006077272961269063,0.2219139835848636,25
mackey_glass,mrnn,0.04792433491205841,0.02914749179475527,0.00156955193992286,0.0009166634160165546,0.044517463589577755,25
pageviews,elman,0.6629435302906806,0.15818796885376707,3119.1567212623277,1949.7354900854787,0.7017813558207551,25
pageviews,jordan,0.8230637270030422,0.10090675397583461,3885.0561403931315,2049.879489525296,0.8554561626068703,25
pageviews,mrnn,0.7169787134058155,0.12047003117885995,3478.3894330249404,2104.644069072037,0.7542027954711146,25
sp500,elman,0.9980900677772141,0.006286036639234586,48.76674584980628,12.299515519025837,0.9984893478860292,25
sp500,jordan,0.999706117481635,0.005934965038940566,48.75855544739622,12.515253828870238,0.9982214276116185,25
sp500,mrnn,0.9967892140221051,0.006130588109559059,48.607297225984446,12.443964426654265,0.9947725631986819,25
temperature,elman,0.8884007374976638,0.017454422421407087,2.3067270232758883,0.12140268308825786,0.8933569911317903,25
temperature,jordan,0.9293239214701718,0.02467722989702667,2.413452969176595,0.14342635802380244,0.9324510428463719,25
temperature,mrnn,0.8845299393201945,0.018947591007917354,2.297310553196766,0.17419400722103598,0.890930352201506,25
