dataset,model,number,value,params_lr,params_n_hidden,params_weight_decay,params_window,state
pageviews,elman,0,0.9391390460427077,0.002058972819768791,48,0.001,14,COMPLETE
pageviews,elman,1,1.1030657100005872,0.0017860137889397097,12,0.0001,30,COMPLETE
pageviews,elman,2,1.0905964191011515,0.0018752209455786398,12,0.0,30,COMPLETE
pageviews,elman,3,0.8333399153740427,0.015308837415731377,16,1e-05,14,COMPLETE
pageviews,elman,4,0.9921471687055153,0.0030222834756467327,16,0.0001,14,COMPLETE
pageviews,elman,5,1.1989902959133796,0.005639239991667558,2,0.0,30,COMPLETE
pageviews,elman,6,1.133582493678177,0.021068591627429092,2,0.001,30,COMPLETE
pageviews,elman,7,0.8413894681534084,0.027254609841484676,16,0.0,14,COMPLETE
pageviews,elman,8,0.8859092875559229,0.013335353166744257,32,1e-05,30,COMPLETE
pageviews,elman,9,1.1173746812081156,0.0018095073787215785,16,0.0001,60,COMPLETE
pageviews,elman,10,0.9120638961426092,0.007043033688407711,16,1e-05,7,COMPLETE
pageviews,elman,11,0.8944004641312219,0.022109842320479325,16,0.0,14,COMPLETE
pageviews,elman,12,0.9681834989411399,0.012222627605435967,24,1e-05,14,COMPLETE
pageviews,elman,13,0.9552387310005841,0.022918620148995362,64,0.0001,14,COMPLETE
pageviews,elman,14,0.9373678847255859,0.008047422843256963,64,0.0,14,COMPLETE
pageviews,elman,15,0.9057451283354173,0.010826865212337885,16,0.0,60,COMPLETE
pageviews,elman,16,0.8736258105937713,0.019395920798526724,48,1e-05,14,COMPLETE
pageviews,elman,17,1.1421821308668278,0.00607018519853945,8,1e-05,14,COMPLETE
pageviews,elman,18,0.8969035237884286,0.010465469823187686,16,0.001,14,COMPLETE
pageviews,elman,19,0.920731292769168,0.02620242476372037,16,1e-05,7,COMPLETE
pageviews,jordan,0,1.272353116631849,0.002058972819768791,48,0.001,14,COMPLETE
pageviews,jordan,1,1.320557013407197,0.0017860137889397097,12,0.0001,30,COMPLETE
pageviews,jordan,2,1.3116808714337602,0.0018752209455786398,12,0.0,30,COMPLETE
pageviews,jordan,3,0.8923567048358988,0.015308837415731377,16,1e-05,14,COMPLETE
pageviews,jordan,4,1.1457966645345898,0.0030222834756467327,16,0.0001,14,COMPLETE
pageviews,jordan,5,1.3659580305550383,0.005639239991667558,2,0.0,30,COMPLETE
pageviews,jordan,6,1.290359187860413,0.021068591627429092,2,0.001,30,COMPLETE
pageviews,jordan,7,0.8497392950310054,0.027254609841484676,16,0.0,14,COMPLETE
pageviews,jordan,8,0.8148531776982972,0.013335353166744257,32,1e-05,30,COMPLETE
pageviews,jordan,9,1.441287741277213,0.0018095073787215785,16,0.0001,60,COMPLETE
pageviews,jordan,10,1.0561859510208484,0.0035466566040454773,32,1e-05,30,COMPLETE
pageviews,jordan,11,0.9715633213276599,0.026459511232646674,24,0.0,14,COMPLETE
pageviews,jordan,12,0.7959226032174342,0.02139658415087841,32,1e-05,30,COMPLETE
pageviews,jordan,13,0.9068020135849082,0.027687171431377826,32,1e-05,30,COMPLETE
pageviews,jordan,14,0.8470332346812112,0.01097457513657983,32,0.0001,30,COMPLETE
pageviews,jordan,15,0.8402610491265098,0.01074787954278854,32,1e-05,60,COMPLETE
pageviews,jordan,16,0.8159270876272666,0.01356731984926381,32,1e-05,30,COMPLETE
pageviews,jordan,17,1.152134001857818,0.00893108434704815,4,1e-05,30,COMPLETE
pageviews,jordan,18,1.0108736233651372,0.006415362765276864,24,0.001,7,COMPLETE
pageviews,jordan,19,1.1773270661319002,0.008284290593195028,48,1e-05,7,COMPLETE
pageviews,mrnn,0,0.9474669838523985,0.002058972819768791,48,0.001,14,COMPLETE
pageviews,mrnn,1,1.1078794750072074,0.0017860137889397097,12,0.0001,30,COMPLETE
pageviews,mrnn,2,1.0747887238486122,0.0018752209455786398,12,0.0,30,COMPLETE
pageviews,mrnn,3,0.9484120800650996,0.015308837415731377,16,1e-05,14,COMPLETE
pageviews,mrnn,4,0.9450204404582863,0.0030222834756467327,16,0.0001,14,COMPLETE
pageviews,mrnn,5,1.3327327853593032,0.005639239991667558,2,0.0,30,COMPLETE
pageviews,mrnn,6,1.3390509658582606,0.021068591627429092,2,0.001,30,COMPLETE
pageviews,mrnn,7,0.8773465347012158,0.027254609841484676,16,0.0,14,COMPLETE
pageviews,mrnn,8,0.8784539414297567,0.013335353166744257,32,1e-05,30,COMPLETE
pageviews,mrnn,9,1.0106353157742802,0.0018095073787215785,16,0.0001,60,COMPLETE
pageviews,mrnn,10,0.9517480224152864,0.004978147971701007,64,0.0,14,COMPLETE
pageviews,mrnn,11,1.5236892513924225,0.026459511232646674,24,0.0,14,COMPLETE
pageviews,mrnn,12,0.8927310696164431,0.02139658415087841,32,1e-05,30,COMPLETE
pageviews,mrnn,13,0.8830467122706684,0.028705680372815394,16,0.0,7,COMPLETE
pageviews,mrnn,14,0.9657891514328764,0.006819823048110868,32,0.001,30,COMPLETE
pageviews,mrnn,15,0.9740659236894434,0.006760598471876108,32,1e-05,60,COMPLETE
pageviews,mrnn,16,0.9561856528450514,0.01714641571992006,16,0.0,14,COMPLETE
pageviews,mrnn,17,0.9975154278341699,0.01368123897847063,4,0.0,30,COMPLETE
pageviews,mrnn,18,0.9303783825159476,0.009617003204421807,12,1e-05,30,COMPLETE
pageviews,mrnn,19,0.8926239867627613,0.003487944302588158,32,1e-05,30,COMPLETE
