window,n_hidden,lr,weight_decay,dataset,model,theil_u_dev,n_trials,seconds
72,48,0.0048202833991087,0.0,electricity,elman,0.3167301744599097,20,226.1
48,64,0.0169675336071965,0.001,electricity,jordan,0.6128807656914299,20,163.9
24,32,0.0060832506858628,0.0,electricity,mrnn,0.316291245709715,20,490.5
17,12,0.0264403942665059,0.0,mackey_glass,elman,0.096121828486036,20,217.7
10,16,0.0256313084409279,0.0001,mackey_glass,jordan,0.3185502059603075,20,110.1
17,12,0.0289091262997892,1e-05,mackey_glass,mrnn,0.0901222682586312,20,756.4
14,16,0.0153088374157313,1e-05,pageviews,elman,0.8333399153740427,20,42.7
30,32,0.0213965841508784,1e-05,pageviews,jordan,0.7959226032174342,20,50.8
14,16,0.0272546098414846,0.0,pageviews,mrnn,0.8773465347012158,20,181.1
20,4,0.0048090964295575,0.001,sp500,elman,0.9991399102800887,20,37.0
5,16,0.0010707379860823,0.0001,sp500,jordan,0.9981731285226934,20,26.8
5,24,0.0010815205746727,0.001,sp500,mrnn,0.998256471088822,20,123.1
30,32,0.001377404022115,0.001,temperature,elman,0.874283753194311,20,70.8
30,12,0.0021565271510833,0.0,temperature,jordan,0.9224808007503218,20,69.7
60,32,0.0035080614153052,0.0001,temperature,mrnn,0.87036894035969,20,273.0
