dataset,model,window,hidden,lr,weight_decay,weights,u_dev
mackey_glass,elman,17,12,0.0264403942665059,0.0,181,0.096121828486036
mackey_glass,jordan,10,16,0.0256313084409279,0.0001,65,0.3185502059603075
mackey_glass,mrnn,17,12,0.0289091262997892,1e-05,661,0.0901222682586312
electricity,elman,72,48,0.0048202833991087,0.0,2449,0.3167301744599097
electricity,jordan,48,64,0.0169675336071965,0.001,257,0.6128807656914299
electricity,mrnn,24,32,0.0060832506858628,0.0,4321,0.316291245709715
pageviews,elman,14,16,0.0153088374157313,1e-05,305,0.8333399153740427
pageviews,jordan,30,32,0.0213965841508784,1e-05,129,0.7959226032174342
pageviews,mrnn,14,16,0.0272546098414846,0.0,1137,0.8773465347012158
temperature,elman,30,32,0.001377404022115,0.001,1121,0.874283753194311
temperature,jordan,30,12,0.0021565271510833,0.0,49,0.9224808007503218
temperature,mrnn,60,32,0.0035080614153052,0.0001,4321,0.87036894035969
sp500,elman,20,4,0.0048090964295575,0.001,29,0.9991399102800887
sp500,jordan,5,16,0.0010707379860823,0.0001,65,0.9981731285226934
sp500,mrnn,5,24,0.0010815205746727,0.001,2473,0.998256471088822
